DADP ID,Entry Name,Uniprot code,Species,Sequence length,signal sequence,Bioactive sequence
SP_P31107,Adenoregulin,P31107,Phyllomedusa bicolor,81,MAFLKKSLFLVLFLGLVSLSIC,GLWSKIKEVGKEAAKAAAKAAGKAALGAVSEAV
SP_2643,Alyteserin-1a,,Alytes obstetricans,23,/,GLKDIFKAGLGSLVKGIAAHVAN
SP_2644,Alyteserin-1b,,Alytes obstetricans,23,/,GLKEIFKAGLGSLVKGIAAHVAN
SP_2645,Alyteserin-1c,,Alytes obstetricans,23,/,GLKEIFKAGLGSLVKGIAAHVAS
SP_2646,Alyteserin-2a,,Alytes obstetricans,16,/,ILGKLLSTAAGLLSNL
SP_A0SN42,Amolopin-1b,A0SN42,Amolops loloensis,70,MFTLKKSLLLLFFLGTINLSLC,FLPLAVSLAANFLPKLFCKITKKC
SP_A0SN45,Amolopin-2a,A0SN45,Amolops loloensis,64,MFTLKKSLLLLFFLGTINLSLC,FLPIVGKLLSGLSGLL
SP_A0SN46,Amolopin-2a,A0SN46,Amolops loloensis,64,MFTLKKSLLLLFFLGTINLSLC,FLPIVGKLLSGLSGLL
SP_A0SN48,Amolopin-2b,A0SN48,Amolops loloensis,61,MFTLKKSLLLLFFLATINLSLC,FLPIVGKLLSGLL
SP_A0SN47,Amolopin-2b,A0SN47,Amolops loloensis,61,MFTLRKSLLLLFFLATINLSLC,FLPIVGKLLSGLL
SP_C5H0D6,Amolopin-2e,C5H0D6,Amolops loloensis,64,MFTMKKSLLLLFFLGTIHLSLC,FLPIAGKLLSGLSGLL
SP_C5H0D7,Amolopin-2f,C5H0D7,Amolops loloensis,64,MFTLKKSLLLLFFLGTINLSLC,FFPIVGKLLFGLSGLL
SP_C5H0D8,Amolopin-2g,C5H0D8,Amolops loloensis,64,MFTLKKSLLLLFFLGTINLSLC,FFPIVGKLLSGLSGLL
SP_C5H0D9,Amolopin-2h,C5H0D9,Amolops loloensis,64,MFTLKKSLLLLFFLGTINLSLC,FFPIVGKLLFGLFGLL
SP_C5H0E0,Amolopin-2i,C5H0E0,Amolops loloensis,61,MFPLKKSLLLLFFLATINLSLC,FFPIVGKLLSGLL
SP_C5H0D4,Amolopin-9a,C5H0D4,Amolops loloensis,76,MFTLKKSMLLLFFLGTISLSLC,GIFALIKTAAKFVGKNLLKQAGKAGLEHLACKANNQC
SP_C5H0D5,Amolopin-9b,C5H0D5,Amolops loloensis,76,MFTMKKSLLLLFFLGTISLSLC,GIFSLIKTAAKFVGKNLLKQAGKAGVEHLACKANNQC
SP_C5H0E2,Amolopin-n1,C5H0E2,Amolops loloensis,57,MFTLKKSLLLLFFLGTINLSLC,FFPIVGKLLS
SP_C5H0C7,Amolopin-p1,C5H0C7,Amolops loloensis,62,MFPMKKSLLLLFFFGPISLSFC,NILSSIVNGINRALSFFG
SP_C5H0C8,Amolopin-p2,C5H0C8,Amolops loloensis,62,MFTLKKSLLLLFFLGTISLSLC,NVLSSVANGINRALSFFG
SP_B5L181,AMP OGG1,B5L181,Odorrana grahami,68,MFTLKKPLLLLFFLGTINLSLC,GLLSGILGAGKHIVCGLTGCAKA
SP_B5L183,AMP OGG1,B5L183,Odorrana grahami,68,MFTLKKPLLLLFFLGTINLSLC,GLLSGILGAGKHIVCGLTGCAKA
SP_A0AAS2,Amurin-2,A0AAS2,Rana amurensis,67,MFTLKKSLLLLFFLGTINLSLC,FLSLALAALPKLFCLIFKKC
SP_A0AAS3,Amurin-3,A0AAS3,Rana amurensis,60,MFTLKKSLLLLFFLGTINLSLC,ILPILSLIGGLLGK
SP_E3SZN7,Andersonin-G,E3SZN7,Odorrana andersonii,58,MFTLKKPLLLLFFLGTINLSFC,TSRCIFYRRKKCS
SP_E3SZN9,Andersonin-I1,E3SZN9,Odorrana andersonii,60,MFTLKKPLLLLFFLGTISLSLC,FIFPKKNIINSLFGR
SP_2842,Andersonin-X1,,Odorrana andersonii,63,MFTLKKSLLLLFFLGIVSLSSC,GLFSKFAGKGIVNFLIEGVE
SP_2843,Andersonin-Y1,,Odorrana andersonii,63,MFTLKKSLLLLFFLGTINLSFC,FLPKLFAKITKKNMAHIR
SP_2949,Andersonin-Y2,,Odorrana andersonii,14,/,FLPKLFAGIISKNF
SP_Q06B80,Antibacterial peptide,Q06B80,Rana chensinensis,60,MFTLKKSLLLLFFLGTINLSLC,ILPILSLIGGLLGK
SP_C3RT12,Antimicrobial peptide,C3RT12,Limnonectes kuhlii,63,MFTMKKSLLLLFFLGIVSLSLC,SALVGCWTKSWPPKPCFGRG
SP_C3RT13,Antimicrobial peptide,C3RT13,Limnonectes kuhlii,62,MFTMKKSLLLLFFLGIVSLSLC,SALVGCWTKSWPPKPCFGR
SP_C3RSX4,Antimicrobial peptide,C3RSX4,Bombina maxima,144,MNFKYIVAVSFLIASAYA,GIGTKIIGGFKTAVKGALKELAFTYVN
SP_C3RSQ2,Antimicrobial peptide,C3RSQ2,Bombina maxima,144,MNFKYIVAVSFLIASAYA,GIGGKILAGVKTALKGAAKELAATYLH
SP_C3RST6,Antimicrobial peptide,C3RST6,Bombina maxima,139,MNFKYIVAVSFLIASAYA,GIGGVLLSAGKAALKGLVKVLAEKYVN
SP_C3RST7,Antimicrobial peptide,C3RST7,Bombina maxima,139,MNFKYIVAVSFLIASAYA,GIGGVLPSAGKAALKGLAKVLAEKYAN
SP_C3RST9,Antimicrobial peptide,C3RST9,Bombina maxima,144,MKFKYIVAVSFLIASAYA,GIGTKFLGGLKTAVKGALKELAFTYVN
SP_C3RSQ6,Antimicrobial peptide,C3RSQ6,Bombina maxima,144,MNFKYIAAVSFLIAFAYA,GIGGKILGGFKTALKGAAKELAATYLH
SP_C3RSQ7,Antimicrobial peptide,C3RSQ7,Bombina maxima,144,MNFKYIVAVSFLIASAYA,GIGGKILGGFKTALKGAAKELAATYLH
SP_C3RSS8,Antimicrobial peptide,C3RSS8,Bombina maxima,144,MNFKYIVAVSFLIASAYA,GIGGKILGGLKTVLKDAAKELAATYLH
SP_C3RSX5,Antimicrobial peptide,C3RSX5,Bombina maxima,144,MNFKYIVAVSFLIASAYA,GIGTKILGGVKTALKGALKELAPTYVN
SP_C3RSY6,Antimicrobial peptide,C3RSY6,Bombina maxima,139,MNFKYIVAVSFLIASVYA,GIGGVLLSAGKAALKGLAKVLAEKYAN
SP_C3RSY9,Antimicrobial peptide,C3RSY9,Bombina maxima,148,MNFKYIVAVSFLIASAYA,SIGAKILGGVKTFFKGALKELASTYLQ
SP_C3RSW1,Antimicrobial peptide,C3RSW1,Bombina maxima,144,MNFKYIVAVSFLIASAYA,GIGGKILSGFKTALKGAAKELAATYLH
SP_C3RSX2,Antimicrobial peptide,C3RSX2,Bombina maxima,144,MNFKCIVAVSFLIASAYA,GIGGKILPGFKTALKGAAKELAATYLH
SP_C3RSW3,Antimicrobial peptide,C3RSW3,Bombina maxima,144,MNFKYIVAVSFLIASAYA,GIGTKIIGGLKTAVKGALKESAFTYVN
SP_C3RSW6,Antimicrobial peptide,C3RSW6,Bombina maxima,144,MNFKYIVAVSFLIASAYA,GIGGKILSGLKTALKGAAKELAATYLH
SP_C3RSU2,Antimicrobial peptide,C3RSU2,Bombina maxima,144,MNFKYIVAVSFLIASAYA,GIGTKIIGGLKTAVKGALKELAFTYVN
SP_C3RSW0,Antimicrobial peptide,C3RSW0,Bombina maxima,144,MNFEYIVAVSFLIASAYA,GIGTKIIGGLKTAVKGALKELAFTYVN
SP_C3RSX3,Antimicrobial peptide,C3RSX3,Bombina maxima,139,MNFKYIVAVSFLIASACA,GIGGVLLSAGKAALKGLARVLAEKYAN
SP_C3RSY7,Antimicrobial peptide,C3RSY7,Bombina maxima,139,MNFKYIVAVSFLIASAYA,GIGGVLLSAGKAALKGLAKVLAEKYAN
SP_C3RSQ4,Antimicrobial peptide,C3RSQ4,Bombina maxima,144,MNFKYIVAVSFLIASAYA,GIGTKFLGGVKTALKGALKELASTYVN
SP_C3RST2,Antimicrobial peptide,C3RST2,Bombina maxima,139,MNFKYIVAVSFLIASAYA,GIGGVLLCAGKAALKGLAKVLAEKYAN
SP_C3RSS3,Antimicrobial peptide,C3RSS3,Bombina maxima,139,MNFKYIVAVSFLIASAYA,GIGGVLLSAGKAALKGLAKVLAEKYAN
SP_C3RSQ8,Antimicrobial peptide,C3RSQ8,Bombina maxima,144,MNFKYIVAVSFLIAFAYA,GIGGKILGGFKTALKGAAKELAATYLH
SP_C3RSW7,Antimicrobial peptide,C3RSW7,Bombina maxima,139,MNFKYIVAVSFLIASAYA,GIGGALLSAGKAALKGLAKVLAEKYAN
SP_C3RSY5,Antimicrobial peptide,C3RSY5,Bombina maxima,139,MNFKYIVAVSFLIASAYA,GIGGVLLSAGKAALKGLAKVLAEKYAN
SP_C3RST3,Antimicrobial peptide,C3RST3,Bombina maxima,138,MNFKYIVAVSFLIASAYA,GIGGVLLSAGKAALKGLTKVLAEKYAN
SP_C3RST8,Antimicrobial peptide,C3RST8,Bombina maxima,144,MNFKYIVAVSFLIASAYA,GIGRKILGGLKTALKGAAKELAATYLH
SP_C3RSU3,Antimicrobial peptide,C3RSU3,Bombina maxima,145,MNFKYIVAVSFLIASAYA,SIGAKVLGGVKTFFKGALKELASTYQQ
SP_C3RSX7,Antimicrobial peptide,C3RSX7,Bombina maxima,142,MNFKYIVAVSFLIASVYA,SIGAKILGGVKTFFKGALKELAFTYLQ
SP_C3RSV1,Antimicrobial peptide,C3RSV1,Bombina maxima,142,MNFKYIVAVSFLIASAYA,GIGGALLSAGKSALKGLAKGLAEHF
SP_C3RSX6,Antimicrobial peptide,C3RSX6,Bombina maxima,144,MNFKYIVAVSFLIASAYA,GIGTRIIGGLKTAVKGALKELASTYVN
SP_C3RST1,Antimicrobial peptide,C3RST1,Bombina maxima,144,MNFKYIVAVSFLIASAYA,GIGGRILGGLKTALKGAAKELAATYLH
SP_C3RSU1,Antimicrobial peptide,C3RSU1,Bombina maxima,144,MNFKYIVAVSFLIASAYA,GIGTKFLGGLKTAVKGALKELASTYVY
SP_P84387,Antimicrobial peptide 1,P84387,Xenopus tropicalis,27,/,GFLGPLLKLAAKGVAKVIPHLIPSRQQ
SP_P84382,Antimicrobial peptide 2,P84382,Xenopus tropicalis,25,/,GVWSTVLGGLKKFAKGGLEAIVNPK
SP_P84384,Antimicrobial peptide 4,P84384,Xenopus tropicalis,22,/,GVFLDALKKFAKGGMNAVLNPK
SP_P84386,Antimicrobial peptide 6,P84386,Xenopus tropicalis,18,/,GFLGSLLKTGLKVGSNLL
SP_P84381,Antimicrobial peptide 7,P84381,Xenopus tropicalis,18,/,GLLGPLLKIAAKVGSNLL
SP_P0CJ25,Ascaphin-1,P0CJ25,Ascaphus truei,23,/,GFRDVLKGAAKAFVKTVAGHIAN
SP_P0CJ27,Ascaphin-3,P0CJ27,Ascaphus truei,24,/,GFRDVLKGAAKAFVKTVAGHIANI
SP_P0CJ29,Ascaphin-5,P0CJ29,Ascaphus truei,24,/,GIKDWIKGAAKKLIKTVASHIANQ
SP_P0CJ31,Ascaphin-7,P0CJ31,Ascaphus truei,24,/,GFKDWIKGAAKKLIKTVASAIANQ
SP_2664,Ascaphin-7,,Ascaphus truei,24,/,GFKDWIKGAAKKLIKTVASSIANQ
SP_P0CJ32,Ascaphin-8,P0CJ32,Ascaphus truei,19,/,GFKDLLKGAAKALVKTVLF
SP_P82387,Aurein-1.2,P82387,Litoria raniformis,13,/,GLFDIIKKIAESF
SP_P69023,Aurein-3.2,P69023,Litoria aurea,17,/,GLFDIVKKIAGHIASSI
SP_P69022,Aurein-3.2,P69022,Litoria raniformis,17,/,GLFDIVKKIAGHIASSI
SP_P82285,Bombinin-H5,P82285,Bombina variegata,20,/,IIGPVLGLVGSALGGLLKKI
SP_P29002,Bombinin-like peptides 1,P29002,Bombina orientalis,204,MNFKYIVAVSILIASAYA,GIGASILSAGKSALKGLAKGLAEHFAN
SP_P29006,Bombinin-like peptides 1,P29006,Bombina variegata,137,MNFKYIVAVSILIASAYA,GIGGALLSAAKVGLKGLAKGLAEHFAN
SP_P82286,Bombinin-like peptides 2,P82286,Bombina variegata,137,MNFKYIVAVSILIASAYA,GIGASILSAGKSALKGFAKGLAEHFAN
SP_P29004,Bombinin-like peptides 3,P29004,Bombina orientalis,200,MNFKYIVAVSILIASAYA,GIGAAILSAGKSALKGLAKGLAEHF
SP_2731,Brevinin 2RP,,Hylarana erythraea,19,/,GVIKSVLKGVAKTVALGML
SP_2889,Brevinin-1-OR1,,Odorrana rotodora,23,/,LPFVAGVAAEMMQHVYCAASKKC
SP_2898,Brevinin-1-OR10,,Odorrana rotodora,24,/,FLPAVLLVATHVLPTVFCAITRKC
SP_2899,Brevinin-1-OR11,,Odorrana rotodora,23,/,LAFVAGVAAEMMQHVYCAASKKC
SP_2890,Brevinin-1-OR2,,Odorrana rotodora,24,/,ILPFVAGVAAEMMQHVYCAASKKC
SP_2891,Brevinin-1-OR3,,Odorrana rotodora,24,/,IDPFVAGVAAEMMQHVYCAASKKC
SP_2892,Brevinin-1-OR4,,Odorrana rotodora,24,/,INPFVAGVAAEMMQHVYCAASKKC
SP_2893,Brevinin-1-OR5,,Odorrana rotodora,24,/,ILPFVAGVAAEMMKHVYCAASKKC
SP_2894,Brevinin-1-OR6,,Odorrana rotodora,24,/,IIPFVAGVAAEMMEHVYCAASKKC
SP_2895,Brevinin-1-OR7,,Odorrana rotodora,24,/,QLPFVAGVACEMCQCVYCAASKKC
SP_2896,Brevinin-1-OR8,,Odorrana rotodora,24,/,ILPFVAGVAAEMMEHVYCAASKKC
SP_2897,Brevinin-1-OR9,,Odorrana rotodora,24,/,ILPFVAGVAAMEMEHVYCAASKKC
SP_D2K8J2,Brevinin-1-RAA10,D2K8J2,Odorrana andersonii,70,MFTLKKPLLLLFFLGTINLSLC,FLPAVIRVAANVLPTAFCAISKKC
SP_2622,Brevinin-1AUa,,Rana aurora,24,/,FLPILAGLAAKLVPKVFCSITKKC
SP_2623,Brevinin-1AUb,,Rana aurora,24,/,FLPILAGLAANILPKVFCSITKKC
SP_P82833,Brevinin-1Ba,P82833,Rana berlandieri,24,/,FLPFIAGMAAKFLPKIFCAISKKC
SP_P82834,Brevinin-1Bb,P82834,Rana berlandieri,24,/,FLPAIAGMAAKFLPKIFCAISKKC
SP_P82835,Brevinin-1Bc,P82835,Rana berlandieri,24,/,FLPFIAGVAAKFLPKIFCAISKKC
SP_P82836,Brevinin-1Bd,P82836,Rana berlandieri,24,/,FLPAIAGVAAKFLPKIFCAISKKC
SP_P82837,Brevinin-1Be,P82837,Rana berlandieri,24,/,FLPAIVGAAAKFLPKIFCVISKKC
SP_P82838,Brevinin-1Bf,P82838,Rana berlandieri,24,/,FLPFIAGMAANFLPKIFCAISKKC
SP_2603,Brevinin-1BLa,,Lithobates blairi,24,/,FLPAIVGAAAKFLPKIFCAISKKC
SP_2604,Brevinin-1BLc,,Lithobates blairi,24,/,FLPIIAGIAAKFLPKIFCTISKKC
SP_P84111,Brevinin-1BYa,P84111,Rana boylii,24,/,FLPILASLAAKFGPKLFCLVTKKC
SP_P84112,Brevinin-1BYb,P84112,Rana boylii,24,/,FLPILASLAAKLGPKLFCLVTKKC
SP_P84113,Brevinin-1BYc,P84113,Rana boylii,24,/,FLPILASLAATLGPKLLCLITKKC
SP_2651,Brevinin-1CHa,,Lithobates chiricahuensis,24,/,FLPIIAGVAAKVLPKLFCAITKKC
SP_2652,Brevinin-1CHb,,Lithobates chiricahuensis,24,/,FLPVIAGLAAKVLPKLFCAITKKC
SP_2653,Brevinin-1CHc,,Lithobates chiricahuensis,19,/,FFPTIAGLTKLFCAITKKC
SP_2658,Brevinin-1CSa,,Rana cascadae,24,/,FLPILAGLAAKIVPKLFCLATKKC
SP_2588,Brevinin-1Da,,Rana dalmatina,17,/,ILPLLLGKVVCAITKKC
SP_P0C5W7,Brevinin-1DYb,P0C5W7,Rana dybowskii,66,MFTLKKSLLLLFFLGTISLSLC,FLSLALAALPKLFCLIFKKC
SP_P0C5W9,Brevinin-1DYd,P0C5W9,Rana dybowskii,17,/,FLIGMTHGLICLISRKC
SP_P0C5X0,Brevinin-1DYe,P0C5X0,Rana dybowskii,17,/,FLIGMTQGLICLITRKC
SP_P32412,Brevinin-1E,P32412,Pelophylax esculentus,71,MFTLKKSMLLLFFLGTINLSLC,FLPLLAGLAANFLPKIFCKITRKC
SP_P86149,Brevinin-1E,P86149,Pelophylax ridibundus,24,/,FLPLLAGLAANFLPKIFCKITRKC
SP_P84839,Brevinin-1E,P84839,Pelophylax saharicus,24,/,FLPLLAGLAANFLPKIFCKITRKC
SP_A6MAS4,Brevinin-1E-OG6,A6MAS4,Odorrana grahami,71,MFTMKKSLLLLFFLWTINLSLC,FLPLLAGLAANFLPKIFCKITKKC
SP_A6MAS7,Brevinin-1E-OG6,A6MAS7,Odorrana grahami,70,MFTLKKSLLLFFLWTINLSLC,FLPLLAGLAANFLPKIFCKITKKC
SP_D1MIZ4,Brevinin-1E-RTa,D1MIZ4,Amolops ricketti,71,MFTFKKSMLLLFFLGTINLSLC,FLPLLAGVVANFLPQIICKIARKC
SP_P0C8S7,Brevinin-1HSa,P0C8S7,Odorrana hosii,24,/,FLPAVLRVAAKIVPTVFCAISKKC
SP_P0C8S8,Brevinin-1HSb,P0C8S8,Odorrana hosii,24,/,FLPAVLRVAAQVVPTVFCAISKKC
SP_G3XHP2,Brevinin-1ISa,G3XHP2,Odorrana ishikawae,70,MFTLKKSLLLLFFLGTINLSLC,FLPGVLRLVTKVGPAVVCAITRNC
SP_P82825,Brevinin-1La,P82825,Rana luteiventris,24,/,FLPMLAGLAASMVPKLVCLITKKC
SP_P82826,Brevinin-1Lb,P82826,Rana luteiventris,24,/,FLPMLAGLAASMVPKFVCLITKKC
SP_B8QSS4,Brevinin-1LTa,B8QSS4,Hylarana latouchii,71,MFTMKKSMLLIFFLGTINLSLC,FFGTALKIAANVLPTAICKILKKC
SP_C0JLE8,Brevinin-1LTc,C0JLE8,Hylarana latouchii,71,MFTMKKSLLLIFFLGTINLSLC,FMGSALRIAAKVLPAALCQIFKKC
SP_P82841,Brevinin-1Pa,P82841,Lithobates pipiens,24,/,FLPIIAGVAAKVFPKIFCAISKKC
SP_Q8QFQ5,Brevinin-1Pb,Q8QFQ5,Lithobates pipiens,69,MFTLNKFLLLLFFLGTINLSFC,FLPIIAGIAAKVFPKIFCAISKKC
SP_P82843,Brevinin-1Pc,P82843,Lithobates pipiens,24,/,FLPIIASVAAKVFSKIFCAISKKC
SP_P82844,Brevinin-1Pd,P82844,Lithobates pipiens,24,/,FLPIIASVAANVFSKIFCAISKKC
SP_A7WNV3,Brevinin-1PLb,A7WNV3,Lithobates palustris,70,MFTTKKSMLLLFFLGTINLSLC,FLPLIAGLAANFLPKIFCAITKKC
SP_A7WNV4,Brevinin-1PLc,A7WNV4,Lithobates palustris,70,MFTLKKSMLLLFFLGTINLSLC,FLPVIAGVAAKFLPKIFCAITKKC
SP_2618,Brevinin-1PRa,,Rana pretiosa,24,/,FLPVLTGLTPSIVPKLVCLLTKKC
SP_2630,Brevinin-1PRa,,Rana pirica,20,/,FLSLALAALPKLFCLIFKKC
SP_2619,Brevinin-1PRb,,Rana pretiosa,24,/,FLPVLAGLTPSIVPKLVCLLTKKC
SP_2620,Brevinin-1PRc,,Rana pretiosa,24,/,FFPMLAGVAARVVPKVICLITKKC
SP_2621,Brevinin-1PRd,,Rana pretiosa,24,/,FLPMLAGLAASMVPKLVCLITKKC
SP_P0C8T1,Brevinin-1PTa,P0C8T1,Hylarana palustris,24,/,FMGGLIKAATKIVPAAYCAITKKC
SP_D1MIZ6,Brevinin-1RTb,D1MIZ6,Amolops ricketti,71,MFTSKKSMLLLFFLGTINLSLC,FLGSLLGLVGKVVPTLFCKISKKC
SP_P82904,Brevinin-1Sa,P82904,Lithobates sphenocephalus,24,/,FLPAIVGAAGQFLPKIFCAISKKC
SP_2640,Brevinin-1Sb,,Lithobates sphenocephalus,24,/,FLPAIVGAAAKFLPKIFCAISKKC
SP_P82906,Brevinin-1Sc,P82906,Lithobates sphenocephalus,24,/,FFPIVAGVAGQVLKKIYCTISKKC
SP_2692,Brevinin-1SPa,,Lithobates septentrionalis,24,/,FFPIIAGMAAKLIPSLFCKITKKC
SP_2693,Brevinin-1SPb,,Lithobates septentrionalis,20,/,FLPIIAGMAAKVICAITKKC
SP_2694,Brevinin-1SPd,,Lithobates septentrionalis,20,/,FFPIIAGMAAKVICAITKKC
SP_D5MTH2,Brevinin-1TOa,D5MTH2,Rana tagoi okiensis,68,MFTLKKSMLLLFFLGTISFSLC,GIGSILGVIAKGLPTLISWIKNR
SP_2602,Brevinin-1TSa,,Rana tsushimensis,22,/,FLGSIVGALASALPSLISKIRN
SP_Q1JS93,Brevinin-1Vb,Q1JS93,Odorrana versabilis,70,MFTLKKSLLLLFFLGTINLSLC,FLPLIAGLAANFLPKIFCAITKKC
SP_2590,Brevinin-1VLa,,Lithobates vaillanti,24,/,FLGAIAGVAAKFLPKVFCFITKKC
SP_2591,Brevinin-1VLc,,Lithobates vaillanti,24,/,FLPVIASVAAKVLPKVFCFITKKC
SP_2592,Brevinin-1VLd,,Lithobates vaillanti,24,/,FLPLIAGVAANFLPKIFCLISKKC
SP_2593,Brevinin-1VLe,,Lithobates vaillanti,24,/,FLPLIAGVAASILPKIFCFITKKC
SP_2605,Brevinin-1Ya,,Lithobates yavapaiensis,24,/,FLPVIAGVAANFLPKLFCAISKKC
SP_2606,Brevinin-1Yb,,Lithobates yavapaiensis,24,/,FLPIIAGAAAKVVQKIFCAISKKC
SP_2607,Brevinin-1Yc,,Lithobates yavapaiensis,24,/,FLPIIAGAAAKVVEKIFCAISKKC
SP_2695,Brevinin-2 related peptide,,Lithobates septentrionalis,21,/,GIWDTIKSMGKVFAGKILQNL
SP_2900,Brevinin-2-OA2,,Odorrana andersonii,33,/,GLLDTFKNMALNAAKSAGVSVLNALSCKLSKTC
SP_2901,Brevinin-2-OA3,,Odorrana andersonii,33,/,GLLDTFKNMAINAAHGAGVSVLNALSCKLKKTC
SP_2902,Brevinin-2-OA5,,Odorrana andersonii,33,/,GLLDGILNANFNAAKSAGTSVLNALSCKLSKTC
SP_2903,Brevinin-2-OA6,,Odorrana andersonii,33,/,GVLATVKNLLIGTGDGAAQSVLKTLSCKLSNDC
SP_2904,Brevinin-2-OA7,,Odorrana andersonii,33,/,GVLGTVKDLLIGAGKSAAQSTLKTLSCKISNDC
SP_2905,Brevinin-2-OA8,,Odorrana andersonii,33,/,GVLATVKNLLNGTGDGAAQSVLKTLSCKLSNDC
SP_2906,Brevinin-2-OR1,,Odorrana rotodora,33,/,SVLGTVKDLLIGAGKSAAQSVLTALSCKLSNSC
SP_2915,Brevinin-2-OR10,,Odorrana rotodora,33,/,SFLSTFKELAINAAKNAGQSLLHTLSCKLDKTC
SP_2907,Brevinin-2-OR2,,Odorrana rotodora,33,/,GLLDTIKNMALNAAKSAGVSVLNSLSCKLSKTC
SP_2908,Brevinin-2-OR3,,Odorrana rotodora,33,/,GLIDTIKNMALNAAKSAGVSVLNTLSCKLSKTC
SP_2909,Brevinin-2-OR4,,Odorrana rotodora,33,/,SVLGTVKDLLIGAGKSAAQSVLTANSCKLSNSC
SP_2910,Brevinin-2-OR5,,Odorrana rotodora,33,/,SFLDTLKNLAISAAKGAGQSVLSTLSCKLSETC
SP_2911,Brevinin-2-OR6,,Odorrana rotodora,33,/,GLLDTIKNMALNAAKSAGVSVLNSLSCKDSKTC
SP_2912,Brevinin-2-OR7,,Odorrana rotodora,33,/,GLLDTIKNMALNAAKSAGVSVLNTLSCKLSKTC
SP_2913,Brevinin-2-OR8,,Odorrana rotodora,33,/,SFLDTLKNLAISAAKGAGQSVLSTLSCKLSKTC
SP_2914,Brevinin-2-OR9,,Odorrana rotodora,33,/,SFLSTFKELAINAAKNAGQSILHTLSCKLDKTC
SP_2916,Brevinin-2-OW1,,Odorrana wuchuanensis,33,/,SVMGTVKDLLIGAGKSAAQSVLKSLSCKISNDC
SP_2917,Brevinin-2-OW2,,Odorrana wuchuanensis,33,/,SVMGTVKDLLIGAGKSAAQSVLKSLSCKLSNDC
SP_2918,Brevinin-2-OW3,,Odorrana wuchuanensis,33,/,SVMGTVKDLLIGAGKSAAQSVLKALSCKLSKDC
SP_E3SYJ5,Brevinin-2-RA11,E3SYJ5,Odorrana andersonii,76,MFTLKKPLLLLFFLGTISLSLC,GLLDTFKNLALNAAKSAGVSVLNSLSCKLSKTC
SP_E3SYJ6,Brevinin-2-RA11,E3SYJ6,Odorrana andersonii,76,MFTLKKSLLLLFFLGTVSLSLC,GLLDTFKNLALNAAKSAGVSVLNSLSCKLSKTC
SP_E3SYJ7,Brevinin-2-RA11,E3SYJ7,Odorrana andersonii,76,MFTMKKSLLLLFFLGTISLSLC,GLLDTFKNLALNAAKSAGVSVLNSLSCKLSKTC
SP_E3SYK9,Brevinin-2-RA5,E3SYK9,Odorrana andersonii,76,MFTLKKPLLLLFFLGTISLSLC,GLLDTFKNLALNAAESAGVSVLNSLSCKLSKTC
SP_E3SYJ3,Brevinin-2-RA9,E3SYJ3,Odorrana andersonii,76,MFTMKKSLLLLFVLGTISLSLC,GILDTFKNMALNAAKSAGVSVLNALSCKLSKTC
SP_C0ILK5,Brevinin-2-RN,C0ILK5,Hylarana nigrovittata,72,MFPMKKSLLLLFFLGFVSLSLC,SLWETIKNAGKGFILNILDKIRCKVAGGCKT
SP_C0ILK4,Brevinin-2-RN,C0ILK4,Hylarana nigrovittata,72,MFTMKKSLLLLFFLGFVSLSLC,SLWETIKNAGKGFILNILDKIRCKVAGGCKT
SP_C0ILK3,Brevinin-2-RN,C0ILK3,Hylarana nigrovittata,63,MFPMKKSLLLLFFLGFVSLSLC,SLWETIKNAGKGFIQNILDKIR
SP_E7EKM2,Brevinin-2-RN-SN1,E7EKM2,Hylarana spinulosa,72,MFTMKKSLLLLFFLGIVSLSLC,SLWETIKNAGKGFILNILDKIRCKVAGGCKT
SP_P0C5X2,Brevinin-2DYb,P0C5X2,Rana dybowskii,33,/,GLFDVVKGVLKGAGKNVAGSLLEQLKCKLSGGC
SP_P0C5X3,Brevinin-2DYc,P0C5X3,Rana dybowskii,33,/,GLFDVVKGVLKGVGKNVAGSLLEQLKCKLSGGC
SP_P0C5X4,Brevinin-2DYd,P0C5X4,Rana dybowskii,33,/,GIFDVVKGVLKGVGKNVAGSLLEQLKCKLSGGC
SP_P0C5X5,Brevinin-2DYe,P0C5X5,Rana dybowskii,37,/,GLFSVVTGVLKAVGKNVAKNVGGSLLEQLKCKISGGC
SP_E1AWB7,Brevinin-2E-MG1,E1AWB7,Odorrana margaretae,76,MFTLKKPLLLLFFLGTISLSLC,GLLDTFKNLALNAAKSAGVSVLNSLSCKLSKTC
SP_A6MAT0,Brevinin-2E-OG1,A6MAT0,Odorrana grahami,76,MFTMKKSLLLLFVLGTISLSLC,GLLDTFKNMALNAAKSAGVSVLNALSCKLSKTC
SP_A6MAT4,Brevinin-2E-OG6,A6MAT4,Odorrana grahami,76,MFTLKKSLLLLFFLGTISLSLC,GLLDTFKNLALNAAKSAGVSVLNSLSCKLSKTC
SP_A6MAT1,Brevinin-2E-OG6,A6MAT1,Odorrana grahami,76,MFTMKKSLLLLFFLGTISLSLC,GLLDTFKNLALNAAKSAGVSVLNSLSCKLSKTC
SP_A6MAU3,Brevinin-2E-OG6,A6MAU3,Odorrana grahami,76,MFTLKKSLLLLFFLGTISLSLC,GLLDTFKNLALNAAKSAGVSVLNSLSCKLSKTC
SP_A6MAT3,Brevinin-2E-OG6,A6MAT3,Odorrana grahami,76,MFTMKKPLLLLFFLGTISLSLC,GLLDTFKNLALNAAKSAGVSVLNSLSCKLSKTC
SP_A6MBT9,Brevinin-2E-OG6,A6MBT9,Odorrana grahami,76,MFTMKKSLLLLFFLGTISLSLC,GLLDTFKNLALNAAKSAGVSVLNSLSCKLSKTC
SP_A6MAU2,Brevinin-2E-OG6,A6MAU2,Odorrana grahami,76,MFTLKKSLLLLFFLGTISLSLC,GLLDTFKNLALNAAKSAGVSVLNSLSCKLSKTC
SP_2670,Brevinin-2Ei,,Pelophylax esculentus,33,/,GILSTIKDFAIKAGKGAAKGLLEMASCKLSGQC
SP_P86152,Brevinin-2Ej,P86152,Pelophylax ridibundus,30,/,GIFLDKLKNFAKGVAQSLLNKASCKLSGQC
SP_P84860,Brevinin-2GHa,P84860,Hylarana guentheri,34,/,GFSSLFKAGAKYLLKSVGKAGAQQLACKAANNCA
SP_A0AEI5,Brevinin-2GHb,A0AEI5,Hylarana guentheri,72,MFTMKKSLLLLFFLGTVSLSLC,GVITDALKGAAKTVAAELLRKAHCKLTNSC
SP_A0AEI6,Brevinin-2GHc,A0AEI6,Hylarana guentheri,72,MFTMKKSLLLLFFLGMISLSLC,SIWEGIKNAGKGFLVSILDKVRCKVAGGCNP
SP_2639,Brevinin-2GUb,,Hylarana guentheri,30,/,GVIIDTLKGAAKTVAAELLRKAHCKLTNSC
SP_P0C8S9,Brevinin-2HSa,P0C8S9,Odorrana hosii,33,/,GLLDSLKNLAINAAKGAGQSVLNTLSCKLSKTC
SP_F1T153,Brevinin-2ISa,F1T153,Odorrana ishikawae,76,MFNMKKSLLLLFFLGTISLSLC,SLLDTFKNLAVNAAKSAGVSVLNALSCKISRTC
SP_F1T154,Brevinin-2ISb,F1T154,Odorrana ishikawae,76,MFTMKKSLLVLFFLGTISLSLC,SFLTTFKDLAIKAAKSAGQSVLSTLSCKLSNTC
SP_F1T155,Brevinin-2ISc,F1T155,Odorrana ishikawae,75,MFTLKKSLLLLFFLGTISLSLC,SVLGTVKDLLIGAGKSAAQSVLTTLSCKLSNSC
SP_2997,Brevinin-2Oa,,Rana ornativentris,33,/,GLFNVFKGALKTAGKHVAGSLLNQLKCKVSGGC
SP_2998,Brevinin-2Ob,,Rana ornativentris,33,/,GIFNVFKGALKTAGKHVAGSLLNQLKCKVSGEC
SP_2631,Brevinin-2PRa,,Rana pirica,37,/,GLMSLFKGVLKTAGKHIFKNVGGSLLDQAKCKITGEC
SP_2632,Brevinin-2PRb,,Rana pirica,37,/,GLMSLFRGVLKTAGKHIFKNVGGSLLDQAKCKITGEC
SP_2633,Brevinin-2PRc,,Rana pirica,37,/,GLMSVLKGVLKTAGKHIFKNVGGSLLDQAKCKISGQC
SP_2634,Brevinin-2PRd,,Rana pirica,37,/,GLMSVLKGVLKTAGKHIFKNVGGSLLDQAKCKITGQC
SP_2635,Brevinin-2PRe,,Rana pirica,37,/,GLLSVLKGVLKTAGKHIFKNVGGSLLDQAKCKISGQC
SP_P0C8T3,Brevinin-2PTa,P0C8T3,Hylarana palustris,30,/,GAIKDALKGAAKTVAVELLKKAQCKLEKTC
SP_P0C8T4,Brevinin-2PTb,P0C8T4,Hylarana palustris,33,/,GFKGAFKNVMFGIAKSAGKSALNALACKIDKSC
SP_P0C8T5,Brevinin-2PTc,P0C8T5,Hylarana palustris,33,/,GLLDSFKNAMIGIAKSAGKTALNKIACKIDKTC
SP_P0C8T7,Brevinin-2PTe,P0C8T7,Hylarana palustris,33,/,GFLDSFKNAMIGVAKSVGKTALSTLACKIDKSC
SP_D1MIZ7,Brevinin-2RTa,D1MIZ7,Amolops ricketti,74,MFTTKKSLLVLFFLGTISLSFC,GLMSTLKDFGKTAAKEIAQSLLSTASCKLAKTC
SP_D1MIZ8,Brevinin-2RTb,D1MIZ8,Amolops ricketti,74,MFTSKKSLLVLFFLGTISLSFC,GILDTLKEFGKTAAKGIAQSLLSTASCKLAKTC
SP_2728,Brevinin-2SKa,,Rana sakuraii,33,/,GLFSAFKKVGKNVLKNVAGSLMDNLKCKVSGEC
SP_2729,Brevinin-2SKb,,Rana sakuraii,33,/,GLFNVFKKVGKNVLKNVAGSLMDNLKCKVSGEC
SP_2601,Brevinin-2TSa,,Rana tsushimensis,33,/,GIMSLFKGVLKTAGKHVAGSLVDQLKCKITGGC
SP_2628,Brevinin-2Va,,Lithobates virgatipes,21,/,GIWDTLKNVGKAVLGKVLENV
SP_B5AKW4,Caerin 1.1,B5AKW4,Litoria caerulea,75,MAFLKKSLFLVLFLGFVSVSIC,GLLSVLGSVAKHVLPHVVPVIAEHL
SP_B5AKW5,Caerin 1.1,B5AKW5,Litoria caerulea,75,MAFLKKSLFLGLFLGFVSVSIC,GLLSVLGSVAKHVLPHVVPVIAEHL
SP_P86484,Caerin 1.1,P86484,Litoria peronii,25,/,GLLSVLGSVAKHVLPHVVPVIAEHL
SP_2669,Caerin 1.4,,Litoria caerulea,25,/,GLLSSLGSVAKHVLPHVVPVIAEHL
SP_2996,Caerin 1.6,,Litoria splendida,25,/,GLFSVLGAVAKHVLPHVVPVIAEKL
SP_2667,Caerin 1.9,,Litoria chloris,25,/,GLFGVLGSIAKHVLPHVVPVIAEKL
SP_2668,Caerin 4.3,,Litoria caerulea,23,/,GLWQKIKQAAGDLASGIVEGIKS
SP_Q800R2,Caerin-1.1,Q800R2,Litoria caerulea,75,MASLKKSLFLVLLLGFVSVSIC,GLLSVLGSVAKHVLPHVVPVIAEHL
SP_P62569,Caerin-1.1,P62569,Litoria gilleni,25,/,GLLSVLGSVAKHVLPHVVPVIAEHL
SP_P86501,Caerin-1.1,P86501,Litoria rothii,25,/,GLLSVLGSVAKHVLPHVVPVIAEHL
SP_P62568,Caerin-1.1,P62568,Litoria splendida,25,/,GLLSVLGSVAKHVLPHVVPVIAEHL
SP_P86503,Caerin-1.16,P86503,Litoria rothii,25,/,GLFSVLGAVAKHVLPHVVPVIAEKL
SP_P56228,Caerin-1.3,P56228,Litoria caerulea,25,/,GLLSVLGSVAQHVLPHVVPVIAEHL
SP_P56230,Caerin-1.5,P56230,Litoria caerulea,25,/,GLLSVLGSVVKHVIPHVVPVIAEHL
SP_P62547,Caerin-1.6,P62547,Litoria chloris,24,/,GLFSVLGAVAKHVLPHVVPVIAEK
SP_P62546,Caerin-1.6,P62546,Litoria xanthomera,24,/,GLFSVLGAVAKHVLPHVVPVIAEK
SP_P56242,Caerin-4.1,P56242,Litoria caerulea,23,/,GLWQKIKSAAGDLASGIVEGIKS
SP_2675,Cancrin,,Fejervarya cancrivora,19,/,GSAQPYKQLHKVVNWDPYG
SP_2741,Cathelicidin,,Amolops loloensis,179,MGLSATLWFLMGVAAGSMAS,RRSRRGRGGGRRGGSGGRGGRGGGGRSGAGSSIAGVGSRGGGGGRHYA
SP_Q1KLZ4,Chensirin-2,Q1KLZ4,Rana chensinensis,59,MFTLKKSLLLLFFLGTISLSLC,IIPLPLGYFAKKT
SP_P81835,Citropin-1.1,P81835,Litoria citropa,16,/,GLFDVIKKVASVIGGL
SP_P81840,Citropin-1.2,P81840,Litoria citropa,16,/,GLFDIIKKVASVVGGL
SP_P81846,Citropin-1.3,P81846,Litoria citropa,16,/,GLFDIIKKVASVIGGL
SP_2733,CPF-3,,Xenopus laevis,27,/,GFASFLGKALKAALKIGANMLGGTPQQ
SP_2649,CPF-AM1,,Xenopus amieti,17,/,GLGSVLGKALKIGANLL
SP_2650,CPF-AM4,,Xenopus amieti,17,/,GLGSLVGNALRIGAKLL
SP_2716,CPF-B1,,Xenopus borealis,28,/,GLGSLLGKAFKIGLKTVGKMMGGAPREQ
SP_2597,CPF-C1,,Xenopus clivii,17,/,GFGSLLGKALRLGANVL
SP_2598,CPF-C2,,Xenopus clivii,27,/,GLGSLLGKALKFGLKAAGKFMGGEPQQ
SP_2958,CPF-L1,,Xenopus lenduensis,17,/,GIGSLLAKAAKLGANLL
SP_2959,CPF-L2,,Xenopus lenduensis,17,/,GIGSALAKAAKLVAGIV
SP_2717,CPF-M1,,Xenopus muelleri,28,/,GLGSLLGKAFKFGLKTVGKMMAGAPREQ
SP_2720,CPF-MW1,,Xenopus muelleri,28,/,GLGSLLGKAFKFGLKTVGKMMGGAPREQ
SP_2721,CPF-MW2,,Xenopus muelleri,28,/,GLGSLLGKAFKFGLKTVGKMMGGAPREE
SP_2955,CPF-P2,,Xenopus petersii,27,/,GLASFLGKALKAGLKIGSHLLGGAPQQ
SP_2956,CPF-P3,,Xenopus petersii,27,/,GFGSFLGKALKAALKIGANVLGGAPQQ
SP_2957,CPF-P4,,Xenopus petersii,27,/,GFGSFLGKALKAALKIGANVLGGAPEQ
SP_2954,CPF-PG1,,Xenopus pygmaeus,17,/,GFGSLLGKALKIGTNLL
SP_2706,CPF-SP1,,Xenopus tropicalis,27,/,GFLGPLLKLGLKGVAKVLPHLIPSRQQ
SP_2707,CPF-SP2,,Xenopus tropicalis,27,/,GFLGPLLKLGLKGAAKLLPQLLPSRQQ
SP_2708,CPF-SP3,,Xenopus tropicalis,18,/,GFLGSLLKTGLKVGSNLL
SP_2672,CPRF-Ea,,Pelophylax esculentus,31,/,GLGSILGKILNVAGKVGKTIGKVADAVGNKE
SP_2673,CPRF-Eb,,Pelophylax esculentus,31,/,GLGSFLKNAIKIAGKVGSTIGKVADAIGNKE
SP_2674,CPRF-Ec,,Pelophylax esculentus,31,/,GLGSFFKNAIKIAGKVGSTIGKVADAIGNKE
SP_P84263,Dahlein-1.2,P84263,Litoria dahlii,13,/,GLFDIIKNIFSGL
SP_P83638,Dermadistinctin-K,P83638,Phyllomedusa distincta,33,/,GLWSKIKAAGKEAAKAAAKAAGKAALNAVSEAV
SP_P83639,Dermadistinctin-L,P83639,Phyllomedusa distincta,28,/,ALWKTLLKNVGKAAGKAALNAVTDMVNQ
SP_P83640,Dermadistinctin-M,P83640,Phyllomedusa distincta,31,/,ALWKTMLKKLGTMALHAGKAAFGAAADTISQ
SP_P83641,Dermadistinctin-Q1,P83641,Phyllomedusa distincta,30,/,ALWKNMLKGIGKLAGQAALGAVKTLVGAES
SP_P83642,Dermadistinctin-Q2,P83642,Phyllomedusa distincta,25,/,GLWSKIKEAAKTAGLMAMGFVNDMV
SP_2724,Dermaseptin 4,,Phyllomedusa sauvagii,28,/,ALWMTLLKKVLKAAAKAALNAVLVGANA
SP_P80282,Dermaseptin BI,P80282,Phyllomedusa bicolor,78,MDILKKSLFLVLFLGLVSLSIC,AMWKDVLKKIGTVALHAGKAALGAVADTISQ
SP_P81488,Dermaseptin DRG3,P81488,Phyllomedusa bicolor,77,MAFLKKSLFLVLFLGLVSLSVC,ALWKTIIKGAGKMIGSLAKNLLGSQAQPES
SP_P86279,Dermaseptin DRS-DI4-like peptide,P86279,Phyllomedusa burmeisteri,28,/,ALWKNMLKGIGKLAGQAALGAVKTLVGA
SP_O93454,Dermaseptin PD-3-6,O93454,Pachymedusa dacnicolor,71,MAFLKKSLFLVLFLALVPLSIC,GVVTDLLNTAGGLLGNLVGSLSG
SP_Q7T3K6,Dermaseptin sI,Q7T3K6,Phyllomedusa sauvagii,79,MDILKKSLFLVLFLGLVSLSIC,ALWKTMLKKLGTMALHAGKAALGAAADTISQGTQ
SP_P83637,Dermaseptin-01,P83637,Phyllomedusa oreades,29,/,GLWSTIKQKGKEAAIAAAKAAGQAALGAL
SP_P24302,Dermaseptin-1,P24302,Phyllomedusa sauvagii,34,/,ALWKTMLKKLGTMALHAGKAALGAAADTISQGTQ
SP_P80278,Dermaseptin-2,P80278,Phyllomedusa sauvagii,34,/,ALWFTMLKKLGTMALHAGKAALGAAANTISQGTQ
SP_P84922,Dermaseptin-2,P84922,Phyllomedusa tarsius,28,/,ALWKDILKNVGKAAGKAVLNTVTDMVNQ
SP_P80279,Dermaseptin-3,P80279,Phyllomedusa sauvagii,30,/,ALWKNMLKGIGKLAGKAALGAVKKLVGAES
SP_P84600,Dermaseptin-5,P84600,Phyllomedusa hypochondrialis,29,/,GLWSTIKQKGKEAAIAAAKAAGQAALGAL
SP_P80281,Dermaseptin-5,P80281,Phyllomedusa sauvagii,29,/,GLWSKIKTAGKSVAKAAAKAAVKAVTNAV
SP_P84926,Dermaseptin-6,P84926,Phyllomedusa tarsius,28,/,ALWKNMLKGIGKLAGQAALGAVKTLVGA
SP_P81485,Dermaseptin-B3,P81485,Phyllomedusa bicolor,74,MAFLKKSVFLVLFLGLVSLSIC,ALWKNMLKGIGKLAGQAALGAVKTLVGAE
SP_P81486,Dermaseptin-B4,P81486,Phyllomedusa bicolor,76,MAFLKKSLFLVLFLGLVSLSIC,ALWKDILKNVGKAAGKAVLNTVTDMVNQ
SP_Q1EJP5,Dermaseptin-H4,Q1EJP5,Phyllomedusa azurea,73,MAFMKKSLFLVLFLGMVSLSIC,GLWSTIKNVGKEAAIAAGKAALGAL
SP_2676,Dermaseptin-H5,,Phyllomedusa hypochondrialis,25,/,GLWSTIKNVGKEAAIAAGKAVLGSL
SP_P84936,Dermaseptin-H6,P84936,Phyllomedusa azurea,29,/,GLWSTIKQKGKEAAIAAAKAAGQAALGAL
SP_P86639,Dermaseptin-J7,P86639,Phasmahyla jandaia,33,/,GLWSKIKAAGKEAAKAAAKAAGKAALNAVSEAV
SP_2587,Dermaseptin-L1,,Hylomantis lemur,32,/,GLWSKIKEAAKAAGKAALNAVTGLVNQGDQPS
SP_Q800R4,Dermaseptin-like PBN2,Q800R4,Phyllomedusa bicolor,70,MAFLKKSLFLVLFLALVPLSIC,GLVTSLIKGAGKLLGGLFGSVTGGQS
SP_B5A9S9,Dybowskin-1CDYa,B5A9S9,Rana dybowskii,59,MFTLKKSLLLLFFLGTINFSLC,IIPLPLGYFAKKT
SP_D3X8H9,Dybowskin-1ST,D3X8H9,Rana dybowskii,59,MFTLKKSLLLLFFLGTISLSLC,IIPLPLGYFAKKT
SP_B5A9T1,Dybowskin-2CDYa,B5A9T1,Rana dybowskii,65,MFTLKKSLLLLFFIGVIKLSLC,SAVGRHGRRFGLRKHRKH
SP_2687,Dybowskin-4,,Rana dybowskii,15,/,VWPLGLVICKALKIC
SP_2688,Dybowskin-6,,Rana dybowskii,20,/,FLPLLLAGLPLKLCFLFKKC
SP_E1AWC0,Esculentin-1-MG2,E1AWC0,Odorrana margaretae,84,MFTLKKPLLLIVLLGIISLSLC,GLFSKFAGKGIKNFLIKGVKHIGKEVGMDVIRTGIDVAGCKIKGEC
SP_2821,Esculentin-1-OA1,,Odorrana andersonii,84,MFPLKKPLLLIVLFGIISLSLC,GLFSKFVGKGIKNFLIKGVKHIGKEVGMDVIRVGIDVAGCKIKGVC
SP_2919,Esculentin-1-OA2,,Odorrana andersonii,46,/,GLFSKFSGKGIKNFLIKGVKHIGKEVGMDVIRTGIDVAGCKIKGEC
SP_2920,Esculentin-1-OA6,,Odorrana andersonii,25,/,GLFSKFAGKGIKNFLNKGVKHIGKE
SP_A6MAU5,Esculentin-1-OG2,A6MAU5,Odorrana grahami,84,MFTLKKSLLLIVLLGIISLSLC,GLFSKFAGKGIKNFLIKGVKHIGKEVGMDVIRTGIDVAGCKIKGEC
SP_A6MAV8,Esculentin-1-OG2,A6MAV8,Odorrana grahami,84,MFTLKKPLLLIVLLGIISLSLC,GLFSKFAGKGIKNFLIKGVKHIGKEVGMDVIRTGIDVAGCKIKGEC
SP_A6MAU6,Esculentin-1-OG2,A6MAU6,Odorrana grahami,84,MFTLKKSLLLIVLLGTISLSLC,GLFSKFAGKGIKNFLIKGVKHIGKEVGMDVIRTGIDVAGCKIKGEC
SP_A6MAV1,Esculentin-1-OG5,A6MAV1,Odorrana grahami,84,MFTMKKPLLLIVLLGIISLSLC,GLFSKFAGKGIKDLIFKGVKHIGKEVGMDVIRTGIDVAGCKIKGEC
SP_A6MAW0,Esculentin-1-OG5,A6MAW0,Odorrana grahami,84,MFSLKKSLLLIVLLGIISLSLC,GLFSKFAGKGIKDLIFKGVKHIGKEVGMDVIRTGIDVAGCKIKGEC
SP_A6MAW2,Esculentin-1-OG5,A6MAW2,Odorrana grahami,84,MFTLKKSLLLIVLLGIISLSLC,GLFSKFAGKGIKDLIFKGVKHIGKEVGMDVIRTGIDVAGCKIKGEC
SP_2921,Esculentin-1-OR1,,Odorrana rotodora,46,/,GIFSKISGKAIKNLFIKGAKNVGKEVGMDVVRTGIDVVGCKIKGEC
SP_2922,Esculentin-1-OR2,,Odorrana rotodora,42,/,KISGKAIKNLFIKGAKNVGKEVGMDVVRTGIDVVGCKIKGEC
SP_2923,Esculentin-1-OR3,,Odorrana rotodora,46,/,GIFSKISGKAIKNLFIKGAKNVGKRVGMDVVRTGMDVVGCKIKGEC
SP_2924,Esculentin-1-OR4,,Odorrana rotodora,46,/,GIFSKISGKAIKNLFIKGAENVGKHVGMDVVRTGIDVVGCKIKGEC
SP_2925,Esculentin-1-OR5,,Odorrana rotodora,46,/,GIFSKISGKAIKNLFIKGAKNVGKEVGMDVVRTGMDVVGCKIKGEC
SP_E3SYL6,Esculentin-1-RA4,E3SYL6,Odorrana andersonii,84,MFTLKKSLLLIVLLGIISLSLC,GLFTKFAGKGIKDLIFKGVKHIGKEVGMDVIRTGIDVAGCKIKGEC
SP_E3SYL7,Esculentin-1-RA5,E3SYL7,Odorrana andersonii,83,MFTMKKPLLLVLLGIISLSLC,GLFSKFAGKGIKNFLIKGVKHIGKEVGMDVIRTGIDVAGCKIKGEC
SP_E3SYM0,Esculentin-1-RA7,E3SYM0,Odorrana andersonii,84,MFTLKKSLLLIVLLGIISLSLC,GLFSKFAGKGIKNLIFKGVKHIGKEVGMDVIRTGIDVAGCKIKGEC
SP_E3SYM1,Esculentin-1-RA8,E3SYM1,Odorrana andersonii,84,MFPLKKPLLLIVLFGIISLSLC,GLFSKFAGKGIKDLIFKGVKHIGKEVGMDVIRTGIDVAGCKIKGEC
SP_P40843,Esculentin-1A,P40843,Pelophylax esculentus,46,/,GIFSKLAGKKIKNLLISGLKNVGKEVGMDVVRTGIDIAGCKIKGEC
SP_2699,Esculentin-1ARa,,Lithobates areolatus,46,/,GIFSKINKKKAKTGLFNIIKTVGKEAGMDVIRAGIDTISCKIKGEC
SP_2700,Esculentin-1ARb,,Lithobates areolatus,46,/,GLFPKFNKKKVKTGIFDIIKTVGKEAGMDVLRTGIDVIGCKIKGEC
SP_2641,Esculentin-1GRa,,Odorrana grahami,46,/,GLFSKFAGKGIKNLIFKGVKHIGKEVGMDVIRTGIDVAGCKIKGEC
SP_P0C8T8,Esculentin-1HSa,P0C8T8,Odorrana hosii,46,/,GIFSKFGGKAIKNLFIKGAKNIGKEVGMDVIRTGIDVAGCKIKGEC
SP_F1T149,Esculentin-1ISa,F1T149,Odorrana ishikawae,84,MFTLKKPLLLIVLLGIISLSLC,GIFSKFAGKGIKNLLVKGVKNIGKEVGMDVIRTGIDIAGCKIKGEC
SP_F1T150,Esculentin-1ISb,F1T150,Odorrana ishikawae,84,MFTLKKPLLLIVLLGIISLSLC,RIFSKIGGKAIKNLILKGIKNIGKEVGMDVIRTGIDVAGCKIKGEC
SP_Q1MU23,Esculentin-1P,Q1MU23,Pelophylax fukienensis,84,MFTLKKPLLLIVLLGMISLSLC,GIFSKLAGKKIKNLLISGLKNVGKEVGMDVVRTGIDIAGCKIKGEC
SP_2680,Esculentin-1PLa,,Lithobates palustris,46,/,GLFPKINKKKAKTGVFNIIKTVGKEAGMDLIRTGIDTIGCKIKGEC
SP_2681,Esculentin-1PLb,,Lithobates palustris,46,/,GIFTKINKKKAKTGVFNIIKTIGKEAGMDVIRAGIDTISCKIKGEC
SP_Q1MU21,Esculentin-1S,Q1MU21,Odorrana schmackeri,84,MFTLKKPLLLIVLLGIISLTLC,GLFSKFAGKGIKNMIIKGIKGIGKEVGMDVIRTGIDVAGCKIKGEC
SP_Q1MU19,Esculentin-1V,Q1MU19,Odorrana versabilis,84,MFTLKKSLLLIVLLGIISLSLC,GIFSKFAGKGIKDLIIKGVKGIAKEAGMDVIRTGIDIAGCKIKGEC
SP_E7EKC6,Esculentin-1V-HN1,E7EKC6,Odorrana hainanensis,84,MFTMKKPLLLIVLLGIISLSLC,GIFSKFAGKGIKDLIIKGVKGIAKEAGMDVIRTGIDIAGCKIKGEC
SP_Q1JS87,Esculentin-1Vb,Q1JS87,Odorrana versabilis,84,MFTLKKPLLLIVLLGIISLSLC,GIFTKINKKKAKTGVFNIIKTIGKEAGMDVIRAGIDTISCKIKGEC
SP_2926,Esculentin-2-OA2,,Odorrana andersonii,37,/,GLFTLIKGAAKLIGKTTAKEAGKTGKLEMACKITNQC
SP_2927,Esculentin-2-OA3,,Odorrana andersonii,37,/,GLFTLIKGAAKLIGKTVAKEAGKTGLELMACKITNQC
SP_A6MAW5,Esculentin-2-OG10,A6MAW5,Odorrana grahami,78,MFTMKKSLLVLFFLGTISLSLC,GLFTLIKGAAKLIGKTVAKEAGKTGLELMACKITNQC
SP_A6MAX7,Esculentin-2-OG10,A6MAX7,Odorrana grahami,78,MFTLKKSLLVLFFLGTISLSLC,GLFTLIKGAAKLIGKTVAKEAGKTGLELMACKITNQC
SP_A6MAW7,Esculentin-2-OG10,A6MAW7,Odorrana grahami,78,MFTMKKSLLVLFFLGTTSLSLC,GLFTLIKGAAKLIGKTVAKEAGKTGLELMACKITNQC
SP_A6MAY0,Esculentin-2-OG10,A6MAY0,Odorrana grahami,78,MFTLKKSLLVLFFLGTISLSLC,GLFTLIKGAAKLIGKTVAKEAGKTGLELMACKITNQC
SP_A6MAW9,Esculentin-2-OG10,A6MAW9,Odorrana grahami,78,MFTMRKSLLVLFFLGTISLSLC,GLFTLIKGAAKLIGKTVAKEAGKTGLELMACKITNQC
SP_A6MAX4,Esculentin-2-OG10,A6MAX4,Odorrana grahami,78,MFTLKKSLLVLFFLGTISLSLC,GLFTLIKGAAKLIGKTVAKEAGKTGLELMACKITNQC
SP_A6MAX8,Esculentin-2-OG10,A6MAX8,Odorrana grahami,78,MFTMKKPLLVLFFLGTISLSLC,GLFTLIKGAAKLIGKTVAKEAGKTGLELMACKITNQC
SP_A6MAY1,Esculentin-2-OG7,A6MAY1,Odorrana grahami,78,MFTMKKSLLVLFFLGTISLSLC,GLFTLIKGAAKLIGKTVAKEAGKTGLELMACKITNQC
SP_2928,Esculentin-2-OR1,,Odorrana rotodora,37,/,GVFTLIKGATQLIGKTLGKELGKTGLELMACKITNQC
SP_2929,Esculentin-2-OR2,,Odorrana rotodora,37,/,GVFTLIKGATQLIGKTLGKEVGKTGLELMACKITKQC
SP_2930,Esculentin-2-OR3,,Odorrana rotodora,37,/,GVFTLLKGATQLIGKTLGKELGKTGLELMACKITNQC
SP_2931,Esculentin-2-OR4,,Odorrana rotodora,37,/,GVFTLIKGATQLIGKTLGKELGKTGLELMACKITEQC
SP_2932,Esculentin-2-OR5,,Odorrana rotodora,37,/,GVFTLIKGATQLIGKTLGKELGKTGLEIMACKITKQC
SP_2933,Esculentin-2-OR6,,Odorrana rotodora,20,/,QVFTLIKGATQLIRKTLGEQ
SP_E3SYM6,Esculentin-2-RA2,E3SYM6,Odorrana andersonii,78,MFTLKKSLLVLFFLGTISLSLC,GIFTLIKGAAKLIGKTVAKEAGKTGLELMACKITNQC
SP_P82839,Esculentin-2B,P82839,Rana berlandieri,37,/,GLFSILRGAAKFASKGLGKDLTKLGVDLVACKISKQC
SP_2654,Esculentin-2CHa,,Lithobates chiricahuensis,37,/,GFSSIFRGVAKFASKGLGKDLAKLGVDLVACKISKQC
SP_P0C8T9,Esculentin-2HSa,P0C8T9,Odorrana hosii,37,/,GIFSLIKGAAQLIGKTVAKEAGKTGLELMACKVTKQC
SP_F1T151,Esculentin-2ISa,F1T151,Odorrana ishikawae,78,MFTLKKSLLLLFFLGTISLSVC,GIFSLIKGAAKLITKTVAKEAGKTGLELMACKVTNQC
SP_P82827,Esculentin-2L,P82827,Rana luteiventris,37,/,GILSLFTGGIKALGKTLFKMAGKAGAEHLACKATNQC
SP_E1AXF6,Esculentin-2MT1,E1AXF6,Amolops mantzorum,76,MFTMKKPLLLLFFLGTISLSLC,GIFALIKTAAKFVGKNLLKQAGKAGLEHLACKANNQC
SP_Q1MU22,Esculentin-2P,Q1MU22,Pelophylax fukienensis,80,MFTLKKSLLLLFFIGTISLSLC,GIFSLIKGAAKVVAKGLGKEVGKFGLDLMACKVTNQC
SP_P82846,Esculentin-2P,P82846,Lithobates pipiens,37,/,GFSSIFRGVAKFASKGLGKDLARLGVNLVACKISKQC
SP_A7WNV5,Esculentin-2PLa,A7WNV5,Lithobates palustris,78,MFTTKKSMLLLFFLGTISLSLC,GLFSILKGVGKIALKGLAKNMGKMGLDLVSCKISKEC
SP_2612,Esculentin-2PRa,,Rana pretiosa,37,/,GVFSFLKTGAKLLGSTLLKMAGKAGAEHLACKATNQC
SP_2613,Esculentin-2PRb,,Rana pretiosa,37,/,GIFSALAAGVKLLGNTLFKMAGKAGAEHLACKATNQC
SP_Q1MU20,Esculentin-2S,Q1MU20,Odorrana schmackeri,78,MFTLKKSLLVLFFLGTISLSLC,GLFTLIKGAVKMIGKTVAKEAGKTGLELMACKVTNQC
SP_Q1MU18,Esculentin-2V,Q1MU18,Odorrana versabilis,78,MFTLKKSLLLLFFLGTISLSLC,GIFTLFKGAAKLLGKTLAKEAGKTGLELMACKVTNQC
SP_E7EKC7,Esculentin-2V-HN1,E7EKC7,Odorrana hainanensis,78,MFTMKKPLLVLFFLGTISLSLC,GIFTLFKGAAKLLGKTLAKEAGKTGLELMACKVTNQC
SP_2735,Fallaxin,,Leptodactylus fallax,25,/,GVVDILKGAAKDIAGHLASKVMNKL
SP_P80398,Gaegurin-4,P80398,Glandirana rugosa,80,MFTMKKSLLFLFFLGTISLSLC,GILDTLKQFAKGVGKDLVKGAAQGVLSTVSCKLAKTC
SP_P80400,Gaegurin-6,P80400,Glandirana rugosa,24,/,FLPLLAGLAANFLPTIICKISYKC
SP_C0ILG2,Gaegurin-6-RN,C0ILG2,Hylarana nigrovittata,70,MFTMKKSLLLLFFLGTINLSLC,FIGPVLKIAAGILPTAICKIFKKC
SP_C0ILG5,Gaegurin-6-RN,C0ILG5,Hylarana nigrovittata,70,MFPMKKSLLLIFFLGTINLSFC,FIGPVLKIAAGILPTAICKIFKKC
SP_C0ILG9,Gaegurin-6-RN,C0ILG9,Hylarana nigrovittata,70,MFTMKKSLLLLFFLGTINLSLC,FIGPVLKIAAGILPTAICKIFKKC
SP_C0ILJ2,Gaegurin-6-RN,C0ILJ2,Hylarana nigrovittata,70,MFTMKKSLLLLFFLGTINLSLC,FVGPVLKIAAGILPTAICKIYKKC
SP_C0ILJ3,Gaegurin-6-RN,C0ILJ3,Hylarana nigrovittata,70,MFTMKKSLLLIFFLGTINLSLC,FLGPIIKIATGILPTAICKFLKKC
SP_C0ILG3,Gaegurin-6-RN,C0ILG3,Hylarana nigrovittata,70,MFTMKKSLLLIFFLGTINLSLC,FIGPVLKIAAGILPTAICKIFKKC
SP_C0ILG7,Gaegurin-6-RN,C0ILG7,Hylarana nigrovittata,70,MFTMKKSLLLLFFLGTINLSFC,FIGPVLKIAAGILPTAICKIFKKC
SP_P0C2A4,Grahamin-1,P0C2A4,Odorrana grahami,67,MFTMKKSMLLLFFLGTISLSLC,GLLSGILGAGKNIVCGLSGLC
SP_P85071,Grahamin-1,P85071,Odorrana grahami,66,MFTLKKSQLLLFFPGTINLSLC,GLLSGILGAGKHIVCGLSGLC
SP_P85070,Grahamin-2,P85070,Odorrana grahami,67,MFTMKKSMLLLFFLGTISLSLC,GLLSGILGAGKHIVCGLSGLC
SP_P0C2A5,Grahamin-2,P0C2A5,Odorrana grahami,66,MFTLKKSQLLLFFPGTINLSLC,GLLSGILGAGKHIVCGLSGLC
SP_E1AXE6,Granulosusin-D2,E1AXE6,Amolops granulosus,71,MFTLKKSMLLLLFLGTVSLSLC,GFMDTAKNVAKNVAVTLLDKLKCKITGGC
SP_P84859,Guentherin,P84859,Hylarana guentheri,26,/,VIDDLKKVAKKVRRELLCKKHHKKLN
SP_F2YHN9,Hainanenin-1-1,F2YHN9,Amolops hainanensis,67,MLPLKKSMLLLFFLGTINLSLC,FALGAVTKLLPSLLCMITRKC
SP_E7EKF0,Hainanensisin-A2,E7EKF0,Amolops hainanensis,67,MFTLKKPMLLLFFLGTINLSLC,FALGAVTKLLPSLLCMITRKC
SP_2866,Hejiangin-A1,,Odorrana hejiangensis,60,MFTLKKSLLFLFFLGIISLSLC,RFIYMKGFGKPRFGKR
SP_2965,Histone 2A,,Bufo gargarizans,21,/,TRSSRAGLQFPVGRVHRLLRK
SP_P84292,Hylaseptin-P1,P84292,Hypsiboas albomarginatus,14,/,GILDAIKAIAKAAG
SP_P85982,Hylin-a1,P85982,Hypsiboas albopunctatus,18,/,IFGAILPLALGALKNLIK
SP_2990,Insulin-releasing-peptide,,Phyllomedusa trinitatis,28,/,ALWKDILKNVGKAAGKAVLNTVTDMVNQ
SP_P83305,Japonicin-1,P83305,Rana japonica,14,/,FFPIGVFCKIFKTC
SP_B3VZU2,Japonicin-1CDYa,B3VZU2,Rana dybowskii,61,MFTLKKSLLLLFFLGVINVSLC,FFPLALLCKVFKKC
SP_D0ES73,Japonicin-1NPa,D0ES73,Nanorana parkeri,71,MFTLKKTLFLVFFLGMVSLSLC,FLLFPLMCKIQGKC
SP_D0ES74,Japonicin-1NPb,D0ES74,Nanorana parkeri,71,MFTLKKSLFLVFFLGMVSLALC,FVLPLVMCKILRKC
SP_P83306,Japonicin-2,P83306,Rana japonica,21,/,FGLPMLSILPKALCILLKRKC
SP_2599,Japonicin-2CHa,,Rana chaochiaoensis,21,/,FVLPLLGILPKELCIVLKKNC
SP_G3ETQ2,Jindongenin-1,G3ETQ2,Amolops jingdongensis,66,MFTLKKPLLLLFFLGTVSLSLC,DSMGAVKLAKLLIDKMKCEVTKAC
SP_G3F826,Jindongenin-1b,G3F826,Amolops jingdongensis,66,MFTMKKPLLVLFFLGTVSLSVC,DSMGAVKLAKLLIDKMKCEVTKAC
SP_G3ETQ3,Jindongenin-2,G3ETQ3,Amolops jingdongensis,71,MFTLKKPLLVLLFLGTVSLSLC,GFMDTAKNVAKNVAVTLIDKLRCKVTGGC
SP_C7C1K8,Kasseptin 1Ma,C7C1K8,Kassina maculata,69,MLSLKKSMLLLFFLGMVSFSLA,FLGAIAAALPHVINAVTNAL
SP_C7C1K9,Kasseptin 1Mb,C7C1K9,Kassina maculata,69,MLSLKKSMLLLFFLGMVSFSIA,FFGAIAAALPHVISAIKNAL
SP_C7C1L0,Kasseptin 1Mc,C7C1L0,Kassina maculata,69,MLSLKKSMLLLFFLGMVSFSIA,FVGAIAAALPHVISAIKNAL
SP_C7C1L1,Kasseptin 1Md,C7C1L1,Kassina maculata,69,MLSLKKSMLLLFFLGMVSFSIA,IIGAIAAALPHVINAIKNTF
SP_P0C010,Kassinatuerin-1,P0C010,Kassina senegalensis,21,/,GFMKYIGPLIPHAVKAISDLI
SP_E6ZBE2,Kassorin S,E6ZBE2,Kassina senegalensis,78,MLTLKKSMLLLFFLGMVSLSLA,FLGGILNTITGLL
SP_G0LWV9,Kasstasin,G0LWV9,Kassina maculata,68,MMKKSMLLLFFLGMVSFSL,FIKELLPHLSGIIDSVANAIKG
SP_2987,Laticeptin,,Leptodactylus laticeps,25,/,GVVDILKGAAKDLAGHLATKVMNKL
SP_P86267,Leptoglycin,P86267,Leptodactylus pentadactylus,22,/,GLLGGLLGPLLGGGGGGGGGLL
SP_F4N9N4,Limnonectin-1Fa,F4N9N4,Limnonectes fujianensis,62,MFTLKKSLLLLFFLGTINLSLC,SFPFFPPGICKRLKRC
SP_F4N9N5,Limnonectin-1Fb,F4N9N5,Limnonectes fujianensis,62,MFTLKKSLLLLFFLGTINLSLC,SFHVFPPWMCKSLKKC
SP_Q2UXR4,Lividin-1,Q2UXR4,Odorrana livida,68,MFTLKKSLLLLFFLGTINLSLC,ILPFVAGVAAEMMQHVYCAASKKC
SP_C3RT04,Lividin-10,C3RT04,Odorrana livida,84,MFTLKKPLLLIVLLGMISLSLC,GIFSKISGKAIKNLFIKGAKNVGKEVGMDVVRTGIDVVGCKIKGEC
SP_C3RT05,Lividin-11,C3RT05,Odorrana livida,70,MFTLKKSLLLLFFLGTVSLSLC,GFMDTAKNVAKNVAATLLDKLKCKITGGC
SP_C4MEB5,Lividin-1a,C4MEB5,Odorrana livida,68,MFTLKKPLLLLFFLGTINLSLC,ILPFVAGVAAEMMQHVYCAASKKC
SP_Q2UXR3,Lividin-2,Q2UXR3,Odorrana livida,76,MFTLKKSLLLLFFLGTISLSLC,SFLDTLKNLAISAAKGAGQSVLSTLSCKLSKTC
SP_C3RSZ3,Lividin-2a,C3RSZ3,Odorrana livida,76,MFTMKKSLLLLFFLGTISLSLC,GLLDTIKNMALNAAKSAGVSVLNTLSCKLSKTC
SP_Q2UXR2,Lividin-3,Q2UXR2,Odorrana livida,75,MFTLKKSLLLLFFLGTISLSLC,SVLGTVKDLLIGAGKSAAQSVLTALSCKLSNSC
SP_C4MEB6,Lividin-3a,C4MEB6,Odorrana livida,75,MFTMKKSLLLLFFLGTISLSLC,SVLGTVKDLLIGAGKSAAQSVLTALSCKLSNSC
SP_Q2UXR1,Lividin-4,Q2UXR1,Odorrana livida,78,MFTMKKSLLVLFFLGTISLSLC,GVFTLIKGATQLIGKTLGKELGKTGLELMACKITNQC
SP_C3RSZ6,Lividin-5,C3RSZ6,Odorrana livida,63,MFTMKKSLLFLFFLGIVSLSFC,AALRGCWTKSIPPKPCPGKR
SP_C3RSZ8,Lividin-7a,C3RSZ8,Odorrana livida,66,MFTMKKSLLLLFFLGITNLSFC,GILSGILGVGKKLVCGLSGLC
SP_C4MEB7,Lividin-7c,C4MEB7,Odorrana livida,66,MFTMKKSLLLLFFLGIINLSLC,GILSGILGVGKKLVCGLSGLC
SP_2666,Maculatin 1.4,,Litoria eucnemis,21,/,GLLGLLGSVVSHVLPAITQHL
SP_P82066,Maculatin-1.1,P82066,Litoria genimaculata,21,/,GLFGVLAKVAAHVVPAIAEHF
SP_P82068,Maculatin-2.1,P82068,Litoria genimaculata,18,/,GFVDFLKKVAGTIANVVT
SP_2647,Magainin-AM2,,Xenopus amieti,23,/,GVSKILHSAGKFGKAFLGEIMKS
SP_2711,Magainin-AN2,,Xenopus andrei,23,/,GVSKILHSAGKFGKAFLGEIMKS
SP_2715,Magainin-B2,,Xenopus borealis,23,/,GIGKFLHSAGKFGKAFLGEVMKS
SP_2594,Magainin-C1,,Xenopus clivii,23,/,GVGKFLHSAKKFGQALASEIMKS
SP_2595,Magainin-C2,,Xenopus clivii,23,/,GVGKFLHSAKKFGQALVSEIMKS
SP_2718,Magainin-M1,,Xenopus muelleri,23,/,GIGKFLHSAGKFGKAFIGEIMKS
SP_P11006,Magainins,P11006,Xenopus laevis,303,MFKGLFICSLIAVICANA,GIGKFLHSAGKFGKAFVGEIMKS
SP_P83080,Maximin 1/H1,P83080,Bombina maxima,144,MNFKYIVAVSFLLASAYA,GIGTKILGGVKTALKGALKELASTYAN
SP_C3RTK8,Maximin 1/H1,C3RTK8,Bombina maxima,144,MNFKYIVAVSFLLASAYA,GIGTKILGGVKTALKGALKELASTYAN
SP_Q58T87,Maximin 1/H12,Q58T87,Bombina maxima,144,MNFKYIVAVSFLIASAYA,GIGTKILGGVKTALKGALKELASTYAN
SP_B5L125,Maximin 10/H3,B5L125,Bombina maxima,145,MNFKYIVAVSFLIASAYA,GIGGKILSGLKTALKGAAKELAFTYLH
SP_B5L128,Maximin 10/H3,B5L128,Bombina maxima,144,MNFKYIVAVSFLIASAYA,GIGGKILSGLKTALKGAAKELAFTYLH
SP_Q58T45,Maximin 10/H3,Q58T45,Bombina maxima,144,MNFKYIVAVSFLIASAYA,GIGGALLSAGKSALKGLAKGLAEHFAS
SP_C3RSP0,Maximin 11/H1,C3RSP0,Bombina maxima,144,MNFKYIVAVSFLIASAYA,GIGTKIIGGLKTAVKGALKELASTYVN
SP_C3RSX9,Maximin 11/H1,C3RSX9,Bombina maxima,144,MNFKYIVAVSFLIASAYA,GIGTKIIGGLKTAVKGALKELASTYVN
SP_Q58T41,Maximin 11/H1,Q58T41,Bombina maxima,144,MNFKYIVAVSFLIASAYA,GIGTKIIGGLKTAVKGALKELASTYVN
SP_B5L132,Maximin 11/H3,B5L132,Bombina maxima,145,MNFKYIVAVSILIASAYA,GIGGKILSGLKPALKGAAKELAFTYLH
SP_B5L112,Maximin 12/H3,B5L112,Bombina maxima,145,MNFKYIVAVSFLIASAYA,GIGGKILSGFKTALKGAAKELAFTYLH
SP_B5L102,Maximin 13/H3,B5L102,Bombina maxima,139,MNFKYIVAVSFLIASAYA,GIGGVLLSAGKAALKGLAKVLAEKYAD
SP_C3RSV5,Maximin 15/H23,C3RSV5,Bombina maxima,144,MNFKYIVAVSFLIASAYA,GIGTKILGGVKAALKGALKELASTYVN
SP_B5L138,Maximin 15/H3,B5L138,Bombina maxima,144,MNFKYIVAVSFLIASAYA,GIGTKILGGVKAALKGALKELASTYVN
SP_B5L105,Maximin 16/H1,B5L105,Bombina maxima,144,MNFKYIVAVSFLIASAYA,DIGTKILGGVKTALKGALKELASTYVN
SP_C3RSV6,Maximin 18/H1,C3RSV6,Bombina maxima,144,MNFKYIVAVSFLIASAYA,GIGAKILGGVKTALKGALKELAFTYVN
SP_C3RSV7,Maximin 19/H1,C3RSV7,Bombina maxima,144,MNFKYIVAVSFLLASAYA,GIGTKILGGVKTALKGALKELAFTYAN
SP_B5L153,Maximin 19/H1,B5L153,Bombina maxima,144,MNFKYIVAVSFLLASAYA,GIGTKILGGVKTALKGALKELAFTYAN
SP_C3RSY1,Maximin 2/H1,C3RSY1,Bombina maxima,144,MNFKYIVAVSFLIASAYA,GIGTKILGGVKTALKGALKELASTYVN
SP_P83081,Maximin 2/H1,P83081,Bombina maxima,144,MNFKYIVAVSFLIASAYA,GIGTKILGGVKTALKGALKELASTYVN
SP_C3RSY0,Maximin 2/H23,C3RSY0,Bombina maxima,144,MNFKYIVAVSFLIASAYA,GIGTKILGGVKTALKGALKELASTYVN
SP_C3RTK1,Maximin 2/H23,C3RTK1,Bombina maxima,144,MNFKYIVAVSFLIASAYA,GIGTKILGGVKTALKGALKELASTYVN
SP_C3RSY2,Maximin 2/H5,C3RSY2,Bombina maxima,144,MNFKYIVAVSFLIASAYA,GIGTKILGGVKTALKGALKELASTYVN
SP_Q58T49,Maximin 2/H8 type 1,Q58T49,Bombina maxima,144,MNFKYIVAVSFLIASAYA,GIGTKILGGVKTALKGALKELASTYVN
SP_Q58T86,Maximin 2/H8 type 2,Q58T86,Bombina maxima,144,MNFKYIVAVSFLIASAYA,GIGTKILGGVKTALKGALKELASTYVN
SP_B5L160,Maximin 20/H1,B5L160,Bombina maxima,144,MNFKYIVAVSFLIASAYA,GIGTKILGGVKTALKGALKELAFTYVN
SP_B5L116,Maximin 21/H1,B5L116,Bombina maxima,144,MNFKYIVAVSFLIASAYA,GIGTKIIGGLKTAVKGALKELASTYVN
SP_B5L0Z6,Maximin 21/H1,B5L0Z6,Bombina maxima,144,MNFKYIVAVSFLIASAYA,GIGTKIIGGLKTAVKGALKELASTYVN
SP_B5L0Z9,Maximin 21/H1,B5L0Z9,Bombina maxima,144,MNFLVHSCSVLFNSISIA,GIGTKIIGGLKTAVKGALKELASTYVN
SP_B5L161,Maximin 21/H1,B5L161,Bombina maxima,144,MNFKYIVAVSFLIASAYA,GIGTKIIGGLKTAVKGALKELASTYVN
SP_B5L141,Maximin 22/H1,B5L141,Bombina maxima,144,MNFKYIVAVSFLIASAYA,GIGTKIIGGLKTAVKGALKELVFTYVN
SP_B5L143,Maximin 22/H1,B5L143,Bombina maxima,144,MNFKYIVAVSFLIASAYA,GIGTKIIGGLKTAVKGALKELVFTYVN
SP_B5L118,Maximin 24/H3,B5L118,Bombina maxima,144,MNFKYIVAVSFLIASAYA,GIGRKFLGGVKTTFRCGDKDFASKHLY
SP_B5L0Z8,Maximin 25,B5L0Z8,Bombina maxima,128,MNFKYIVAVSFLIASAYA,GIGGKILSGLKTALKGAAKELASTYLH
SP_B5L0Z4,Maximin 25/H11,B5L0Z4,Bombina maxima,145,MNFKYIVAVSFLIASAYA,GIGGKILSGLKTALKGAAKELASTYLH
SP_B5L145,Maximin 25/H11,B5L145,Bombina maxima,145,MNFKYIVAVSFLIASAYA,GIGGKILSGLKTALKGAAKELASTYLH
SP_B5L0Y9,Maximin 25/H17,B5L0Y9,Bombina maxima,144,MNFKYIVAVSFLIASAYA,GIGGKILSGLKTALKGAAKELASTYLH
SP_B5L133,Maximin 25/H17,B5L133,Bombina maxima,144,MNFKYIVAVSFLIASAYA,GIGGKILSGLKTALKGAAKELASTYLH
SP_B5L0Z2,Maximin 25/H17,B5L0Z2,Bombina maxima,144,MNFKYIVAVSFLIASAYA,GIGGKILSGLKTALKGAAKELASTYLH
SP_B5L0Z5,Maximin 25/H18,B5L0Z5,Bombina maxima,144,MNFKYIVAVSFLIASAYA,GIGGKILSGLKTALKGAAKELASTYLH
SP_B5L106,Maximin 25/H2,B5L106,Bombina maxima,144,MNFKYIVAVSFLIASAYA,GIGGKILSGLKTALKGAAKELASTYLH
SP_B5L0Z1,Maximin 25/H3,B5L0Z1,Bombina maxima,144,MNFKYIVAVSFLIASAYA,GIGGKILSGLKTALKGAAKELASTYLH
SP_B5L104,Maximin 25/H3,B5L104,Bombina maxima,144,MNFKYIVAVSFLIASAYA,GIGGKILSGLKTALKGAAKELASTYLH
SP_B5L157,Maximin 25/H3,B5L157,Bombina maxima,144,MNFKYIVAVSFLIASAYA,GIGGKILSGLKTALKGAAKELASTYLH
SP_B5L0Z0,Maximin 25/H3,B5L0Z0,Bombina maxima,145,MNFKYIVAVSFLIASAYA,GIGGKILSGLKTALKGAAKELASTYLH
SP_B5L154,Maximin 25/H3,B5L154,Bombina maxima,144,MNFKYILAVSFLIASAYA,GIGGKILSGLKTALKGAAKELASTYLH
SP_B5L100,Maximin 25/H5,B5L100,Bombina maxima,144,MNFKYIVAVSFLIASAYA,GIGGKILSGLKTALKGAAKELASTYLH
SP_B5L135,Maximin 25/H5,B5L135,Bombina maxima,144,MNFKYIVAVSFLIASAYA,GIGGKILSGLKTALKGAAKELASTYLH
SP_B5L0Z3,Maximin 25/H9,B5L0Z3,Bombina maxima,144,MNFKYIVAVSFLIASAYA,GIGGKILSGLKTALKGAAKELASTYLH
SP_C3RSP2,Maximin 26/H3,C3RSP2,Bombina maxima,144,MNFKYIIAVSFLIASAYA,GIGGKILGGLKTALKGAAKELAATYLH
SP_C3RSV9,Maximin 26/H3,C3RSV9,Bombina maxima,144,MNFKYIVAVSFLISSAYA,GIGGKILGGLKTALKGAAKELAATYLH
SP_C3RSP4,Maximin 26/H3,C3RSP4,Bombina maxima,144,MNFKYIVAVSFLIASAYT,GIGGKILGGLKTALKGAAKELAATYLH
SP_C3RTK0,Maximin 26/H3,C3RTK0,Bombina maxima,144,MNFKYIVAVSFLIASAYA,GIGGKILGGLKTALKGAAKELAATYLH
SP_C3RSQ3,Maximin 28/H23,C3RSQ3,Bombina maxima,144,MNFKYIVAVSFLIASAYA,GIGTKFLGGVKTALKGALKELASTYVN
SP_C3RTJ9,Maximin 28/H23,C3RTJ9,Bombina maxima,144,MNFKYIVAVSFLIASACA,GIGTKFLGGVKTALKGALKELASTYVN
SP_Q58T48,Maximin 3/H11 type 1,Q58T48,Bombina maxima,144,MNFKYIVAVSFLIASAYA,GIGGKILSGLKTALKGAAKELASTYLH
SP_Q58T64,Maximin 3/H11 type 2,Q58T64,Bombina maxima,144,MHFKYIVAVSFLIASAYA,GIGGKILSGLKTALKGAAKELASTYLH
SP_Q58T65,Maximin 3/H11 type 3,Q58T65,Bombina maxima,145,MNFKYIVAVSFLIASAYA,GIGGKILSGLKTALKGAAKELASTYLH
SP_Q58T46,Maximin 3/H14,Q58T46,Bombina maxima,144,MNFKYIVAVSFLIASAYA,GIGGKILSGLKTALKGAAKELASTYLH
SP_Q58T43,Maximin 3/H15,Q58T43,Bombina maxima,144,MNFKYIVAVSFLIASAYA,GIGGKILSGLKTALKGAAKELASTYLH
SP_C3RSY3,Maximin 3/H16,C3RSY3,Bombina maxima,144,MNFKYIVAVSFLIASAYA,GIGGKILSGLKTALKGAAKELASTYLH
SP_Q58T40,Maximin 3/H16,Q58T40,Bombina maxima,144,MNFKYIVAVSFLIASAYA,GIGGKILSGLKTALKGAAKELASTYLH
SP_P83082,Maximin 3/H2,P83082,Bombina maxima,144,MNFKYIVAVSFLIASAYA,GIGGKILSGLKTALKGAAKELASTYLH
SP_C3RSY4,Maximin 3/H3,C3RSY4,Bombina maxima,140,MNFKYIVAVSFLIASAYA,GIGGKILSGLKTALKGAAKELASTYLH
SP_Q58T68,Maximin 3/H3 type 1,Q58T68,Bombina maxima,145,MNFKYIVAVSFLIASAYA,GIGGKILSGLKTALKGAAKELASTYLH
SP_Q58T70,Maximin 3/H3 type 2,Q58T70,Bombina maxima,145,MNFKYIVAVSFLIASAYA,GIGGKILSGLKTALKGAAKELASTYLH
SP_Q58T83,Maximin 3/H3 type 3,Q58T83,Bombina maxima,144,MNFKYIVAVSFLIASAYA,GIGGKILSGLKTALKGAAKELASTYLH
SP_Q8JHE1,Maximin 3/H5,Q8JHE1,Bombina maxima,144,MNFKYIFAVSFLIASAYA,GIGGKILSGLKTALKGAAKELASTYLH
SP_Q58T69,Maximin 3/H9 type 1,Q58T69,Bombina maxima,145,MNFKYIVAVSFLIASAYA,GIGGKILSGLKTALKGAAKELASTYLH
SP_Q58T80,Maximin 3/H9 type 2,Q58T80,Bombina maxima,144,MNFKYIVAVSFLIASAYA,GIGGKILSGLKTALKGAAKELASTYLH
SP_C3RSR1,Maximin 31/H10,C3RSR1,Bombina maxima,144,MNFKYIVAVSFLIASAYA,GIGGALLSAGKSALKGLAKGLAEHF
SP_C3RTJ3,Maximin 31/H15,C3RTJ3,Bombina maxima,142,MNFKYIVAVSFLIASAYA,GIGGALLSAGKSALKGLAKGLAEHF
SP_C3RSR3,Maximin 32/H24,C3RSR3,Bombina maxima,141,MNFKYIVAVSFLIASAYA,GIGGKILGGLKTALKGAAKELASTYLH
SP_C3RSR6,Maximin 34/H7,C3RSR6,Bombina maxima,144,MKFKYIVAVSFLIASAYA,GIGTKFLGGLKTAVKGALKELASTYVN
SP_C3RSS0,Maximin 39/H23,C3RSS0,Bombina maxima,144,MNFKYIVAVSFLIASAYA,GIGTKFLGGVKTALKGALKELAFTYVN
SP_C3RTJ1,Maximin 4/H15,C3RTJ1,Bombina maxima,144,MNFKYIIAVSFFIASAYA,GIGGVLLSAGKAALKGLAKVLAEKYAN
SP_B5L113,Maximin 4/H16,B5L113,Bombina maxima,144,MNFKYIVAVSFLIASAYA,GIGGVLLSAGKAALKGLAKVLAEKYAN
SP_B5L130,Maximin 4/H19,B5L130,Bombina maxima,139,MNFKYIVAVSFLIASAYA,GIGGVLLSAGKAALKGLAKVLAEKYAN
SP_C3RSS2,Maximin 4/H3,C3RSS2,Bombina maxima,139,MNFKYIVAVSFLIASAYA,GIGGVLLSAGKAALKGLAKVLAEKYAN
SP_C3RSY8,Maximin 4/H3,C3RSY8,Bombina maxima,139,MNFKYIVAVSFLIASAYA,GIGGVLLSAGKAALKGLAKVLAEKYAN
SP_C3RTJ5,Maximin 4/H3,C3RTJ5,Bombina maxima,139,MNFKYIVAASFLIASAYA,GIGGVLLSAGKAALKGLAKVLAEKYAN
SP_P83083,Maximin 4/H3 type 1,P83083,Bombina maxima,144,MNFKYIIAVSFFIASAYA,GIGGVLLSAGKAALKGLAKVLAEKYAN
SP_Q58T79,Maximin 4/H3 type 2,Q58T79,Bombina maxima,144,MNFKYIIAVSFFIASAYA,GIGGVLLSAGKAALKGLAKVLAEKYAN
SP_Q58T52,Maximin 4/H3 type 3,Q58T52,Bombina maxima,144,MNFKYIIAVSFFIASAYA,GIGGVLLSAGKAALKGLAKVLAEKYAN
SP_Q58T42,Maximin 4/H3 type 4,Q58T42,Bombina maxima,139,MNFKYIIAVSFLIASAYA,GIGGVLLSAGKAALKGLAKVLAEKYAN
SP_Q58T44,Maximin 4/H3 type 5,Q58T44,Bombina maxima,139,MNFKYIFAVSFLIASAYA,GIGGVLLSAGKAALKGLAKVLAEKYAN
SP_Q58T62,Maximin 4/H3 type 6,Q58T62,Bombina maxima,139,MNFKYIVAVSFLIASAYA,GIGGVLLSAGKAALKGLAKVLAEKYAN
SP_Q58T77,Maximin 4/H3 type 7,Q58T77,Bombina maxima,139,MNFKYIVAVSFLIASAYA,GIGGVLLSAGKAALKGLAKVLAEKYAN
SP_C3RSS5,Maximin 41/H25,C3RSS5,Bombina maxima,142,MNFKYIVAVSFLIASGYA,GIGGALLSVGKSALKGLTKGLAEHF
SP_C3RSX8,Maximin 42/H4,C3RSX8,Bombina maxima,145,MNFKYIVAVSFLIASAYA,SIGAKILGGVKTFFKGALKELAFTYLQ
SP_C3RSS9,Maximin 45/H9,C3RSS9,Bombina maxima,144,MKFKYIVAVSFLIASAYA,GIGGKILGGLRTALKGAAKELAATYLH
SP_B5L156,Maximin 5/H14,B5L156,Bombina maxima,145,MNFKYIVAVSFLIASAYA,SIGAKILGGVKTFFKGALKELASTYLQ
SP_B5L129,Maximin 5/H21,B5L129,Bombina maxima,142,MNFKYIVAVSFLIASAYA,SIGAKILGGVKTFFKGALKELASTYLQ
SP_C3RSZ0,Maximin 5/H4,C3RSZ0,Bombina maxima,145,MNFKYIVAVSFLIASAYA,SIGAKILGGVKTFFKGALKELASTYLQ
SP_C3RST4,Maximin 5/H4,C3RST4,Bombina maxima,145,MNFKYIVAVSFLIASAYA,SIGAKILGGVKTFFKGALKELASTYLQ
SP_C3RTJ4,Maximin 5/H4,C3RTJ4,Bombina maxima,145,MNFKYIVAVSFLIASAYA,SIGAKILGGVKTFFKGALKELASTYLQ
SP_P83084,Maximin 5/H4 type 1,P83084,Bombina maxima,145,MNFKYIVAVSFLIASAYA,SIGAKILGGVKTFFKGALKELASTYLQ
SP_Q58T60,Maximin 5/H4 type 2,Q58T60,Bombina maxima,145,MNFKYIVAVSFLIASAYA,SIGAKILGGVKTFFKGALKELASTYLQ
SP_Q58T61,Maximin 5/H4 type 3,Q58T61,Bombina maxima,144,MNFKYIVAVSFLIASAYA,SIGAKILGGVKTFFKGALKELASTYLQ
SP_C3RTL1,Maximin 5/H55,C3RTL1,Bombina maxima,145,MNFKYIVAVSFLIASAYA,SIGAKILGGVKTFFKGALKELASTYLQ
SP_C3RST5,Maximin 5/H8,C3RST5,Bombina maxima,145,MNFKYIVAVSFLIASAYA,SIGAKILGGVKTFFKGALKELASTYLQ
SP_C3RSU8,Maximin 6/H3,C3RSU8,Bombina maxima,144,MNFKYIVAVSFLIASAYA,GIGGALLSAGKSALKGLAKGLAEHFAN
SP_C3RSW2,Maximin 63/H39,C3RSW2,Bombina maxima,143,MNFKYIVAVSFLIASAYA,GIGGVLLGAGKATLKGLAKVLAEKYAN
SP_C3RTK4,Maximin 68/H15,C3RTK4,Bombina maxima,139,MNFKYIVAVSFFIASAYA,GIGGALLSAGKAALKGLAKVLV
SP_C3RSZ1,Maximin 7/H1,C3RSZ1,Bombina maxima,144,MNFKYIVAVSFLIASAYA,GIGAKILGGVKTALKGALKELASTYVN
SP_Q58T74,Maximin 7/H1,Q58T74,Bombina maxima,144,MNFKYIVAVSFLIASAYA,GIGAKILGGVKTALKGALKELASTYVN
SP_C3RTJ2,Maximin 75/H1,C3RTJ2,Bombina maxima,144,MNFKYIVAVSFLLASAYA,GIGTKILGGVKTALKGALKGLASTYAN
SP_C3RTK9,Maximin 77/H15,C3RTK9,Bombina maxima,142,MNFKYIVAVSFLIASAYA,GIGGALLSAGKSALKGLAKGLAEHL
SP_C3RTK3,Maximin 78,C3RTK3,Bombina maxima,133,MNFKYIVAVSFFIASAYA,GIGGALLSVGKLALKGLANVLADKFAN
SP_C3RSZ2,Maximin 8/H7,C3RSZ2,Bombina maxima,144,MKFKYIVAVSFLIASAYA,GIGTKILGGLKTAVKGALKELASTYVN
SP_Q58T56,Maximin 8/H7,Q58T56,Bombina maxima,144,MKFKYIVAVSFLIASAYA,GIGTKILGGLKTAVKGALKELASTYVN
SP_Q4L0B6,Maximin 9/H3,Q4L0B6,Bombina maxima,144,MNFKYIVAVSFLIASAYA,GIGRKFLGGVKTTFRCGVKDFASKHLY
SP_Q58T55,Maximin 9/H3,Q58T55,Bombina maxima,144,MNFKYIVAVSFLIASAYA,GIGRKFLGGVKTTFRCGVKDFASKHLY
SP_A7BJK5,Melittin-related peptide,A7BJK5,Rana sakuraii,68,MFTLKKSMLLLFFLGTISFSLC,VIGSILGALASGLPTLISWIKNR
SP_C0IL66,Nigroain-B,C0IL66,Hylarana nigrovittata,66,MFTMKKSLFLLFFLGTISLSLC,CVISAGWNHKIRCKLTGNC
SP_C0IL69,Nigroain-B,C0IL69,Hylarana nigrovittata,66,MFTMKKSLLLIFFLGIVSLSLC,CVISAGWNHKIRCKLTGNC
SP_C0IL72,Nigroain-B,C0IL72,Hylarana nigrovittata,66,MFTMKKSLLLLFFLGTISLSLC,CVISAGWNHKIRCKLTGNC
SP_C0IL91,Nigroain-C,C0IL91,Hylarana nigrovittata,66,MFTMKKSLLLLFFLGVISLSLC,FKTWKRPPFQTSCWGIIKE
SP_C0ILA0,Nigroain-E,C0ILA0,Hylarana nigrovittata,63,MFTMKKSLLLLFFLGTISLSLC,DCTRWIIGINGRICRD
SP_C0ILA2,Nigroain-E,C0ILA2,Hylarana nigrovittata,63,MFTMKKSPLLLFFLGTISLSLC,DCTRWIIGINGRICRD
SP_E3SYN8,Nigroain-E-RA,E3SYN8,Odorrana andersonii,63,MFTLKKSLLLLFFLGTISLSLC,DCTRWIIGINGRICRD
SP_C0ILA3,Nigroain-F,C0ILA3,Hylarana nigrovittata,72,MFTMKKSLLLLFFLGMISLSLC,GAFGNFLKGVAKKAGLKILSIAQCKLSGTC
SP_C0ILA6,Nigroain-F,C0ILA6,Hylarana nigrovittata,72,MFTMKKSLLLLFFLGMISLSLC,GAFGNFLKGVAKKAGLKILSIAQCKLSGTC
SP_C0ILA7,Nigroain-F,C0ILA7,Hylarana nigrovittata,72,MFTMKKSLLLLFFLGMISLSFC,GAFGNFLKGVAKKAGLKILSIAQCKLFGTC
SP_2934,Nigrocin-1-OA2,,Odorrana andersonii,21,/,GIFGKILGVGKKTLCELSGMC
SP_2935,Nigrocin-1-OA3,,Odorrana andersonii,21,/,GIFLKVLGVGKKVLCGVSGLC
SP_2936,Nigrocin-1-OR1,,Odorrana rotodora,21,/,GILSGILGVGKKLVCGLSGLC
SP_2937,Nigrocin-1-OR2,,Odorrana rotodora,21,/,GILSGILGVGKMLVCGLSGLC
SP_2938,Nigrocin-1-OR3,,Odorrana rotodora,21,/,GILSGLLGVGKMLVCGLSGLC
SP_2939,Nigrocin-1-OW1,,Odorrana wuchuanensis,21,/,GILSGVLGMGKKIVCGLSGLC
SP_2940,Nigrocin-1-OW2,,Odorrana wuchuanensis,21,/,GILGNIVGMGKKIVCGLSGLC
SP_2941,Nigrocin-1-OW3,,Odorrana wuchuanensis,21,/,GILGNIVGMGKKVVCGLSGLC
SP_2942,Nigrocin-1-OW4,,Odorrana wuchuanensis,21,/,GILSGVLGMGKKIVCGLRGLC
SP_2943,Nigrocin-1-OW5,,Odorrana wuchuanensis,21,/,GILGNIVGMGKQVVCGLSGLC
SP_B0B2H6,Nigrocin-2,B0B2H6,Pelophylax nigromaculatus,68,MFTTKKSILLLFFLGMVSLALC,GLLSKVLGVGKKVLCGVSGLC
SP_A1JUI6,Nigrocin-2,A1JUI6,Odorrana livida,68,MFTLKKSLLLLFFLGMVSLALC,GLLSKVLGVGKKVLCGVSGLC
SP_P0C009,Nigrocin-2,P0C009,Pelophylax nigromaculatus,21,/,GLLSKVLGVGKKVLCGVSGLC
SP_B0B2H4,Nigrocin-2H,B0B2H4,Odorrana hejiangensis,68,MFTLKKSLLLLFFLGMVSLALC,GLLSKVLGVGKKVLCGVSGLC
SP_P0C8U0,Nigrocin-2HSa,P0C8U0,Odorrana hosii,21,/,GLLGSLFGAGKKVACALSGLC
SP_P0C8U1,Nigrocin-2HSb,P0C8U1,Odorrana hosii,21,/,GLLGSIFGAGKKIACALSGLC
SP_F1T156,Nigrocin-2ISa,F1T156,Odorrana ishikawae,66,MFTLKKSMLLLFFLGTINLSLC,GIFSTVFKAGKGIVCGLTGLC
SP_F1T157,Nigrocin-2ISb,F1T157,Odorrana ishikawae,66,MFTLKKSMLLLFFLGTINLSLC,GILGTVFKAGKGIVCGLTGLC
SP_G3XHP1,Nigrocin-2ISc,G3XHP1,Odorrana ishikawae,66,MFTLKKSMLLLFFLGTINLSLC,GILSTVFKAGKGIVCGLSGLC
SP_A1JUI7,Nigrocin-2L,A1JUI7,Odorrana livida,66,MFTLKKSLLLLFFLGTINLSLC,GILSGILGMGKKLVCGLSGLC
SP_B0B2H7,Nigrocin-2S,B0B2H7,Odorrana schmackeri,66,MFTLKKSILLLFFLGTINLSLC,GILSGILGAGKSLVCGLSGLC
SP_B7UEM0,Nigrosin-2Sb,B7UEM0,Odorrana schmackeri,66,MFTLKKSLLLLFFLGTINLSLC,GILSGVLGMGKKIVCGLSGLC
SP_B7UEM1,Nigrosin-2Sc,B7UEM1,Odorrana schmackeri,66,MFTTKKSLLLLFFLGTINLSLC,GILSNVLGMGKKIVCGLSGLC
SP_E1AWC3,Nigrosin-MG2,E1AWC3,Odorrana margaretae,66,MFTSKKPLLLLFFLGTINLSLC,GLLSGILGAGKNIVCGLSGLC
SP_E1AWC4,Nigrosin-MG3,E1AWC4,Odorrana margaretae,66,MFTLKKSLLLLFFLGTINLSLC,GLLSGVLGVGKKIVCGLSGLC
SP_A6MAZ5,Nigrosin-OG17,A6MAZ5,Odorrana grahami,67,MFTMKKSMLLLFFLGTISLSLC,GLLSGILGAGKNIVCGLSGLC
SP_A6MAZ4,Nigrosin-OG17,A6MAZ4,Odorrana grahami,67,MFTLKKSMLLLFFLGTISLSLC,GLLSGILGAGKNIVCGLSGLC
SP_A6MB24,Nigrosin-OG17,A6MB24,Odorrana grahami,67,MFTLKKSMLLLFFLGTISLSLC,GLLSGILGAGKNIVCGLSGLC
SP_A6MB45,Nigrosin-OG17,A6MB45,Odorrana grahami,66,MFTLKKSLLLLFFLGTINLSFC,GLLSGILGAGKNIVCGLSGLC
SP_A6MB66,Nigrosin-OG20,A6MB66,Odorrana grahami,66,MFTLKKSLLLLFFLGTINLSLC,GLLSGILGAGKNIVCGLSGLC
SP_A6MAY9,Nigrosin-OG20,A6MAY9,Odorrana grahami,66,MFTMKKSLLLLFFLGTINLSLC,GLLSGILGAGKHIVCGLSGLC
SP_A6MB92,Nigrosin-OG20,A6MB92,Odorrana grahami,66,MFPLKKSLLLLFFLGTINLSFC,GLLSGILGAGKHIVCGLSGLC
SP_A6MB14,Nigrosin-OG20,A6MB14,Odorrana grahami,66,MFTLKKSLLLLFFLGTINLSFC,GLLSGILGAGKHIVCGLSGLC
SP_A6MAZ2,Nigrosin-OG20,A6MAZ2,Odorrana grahami,66,MFTLKKSLLLLFFLGTINLSLC,GLLSGILGAGKHIVCGLSGLC
SP_A6MAZ0,Nigrosin-OG20,A6MAZ0,Odorrana grahami,66,MFTLKKSLLLLFFLGTINLSLC,GLLSGILGAGKHIVCGLSGLC
SP_A6MAY7,Nigrosin-OG20,A6MAY7,Odorrana grahami,66,MFTMKKPLLLLFFLGTINLSLC,GLLSGILGAGKHIVCGLSGLC
SP_A6MB41,Nigrosin-OG20,A6MB41,Odorrana grahami,66,MFTLKKPLLLLFFLGTINLSLC,GLLSGILGAGKHIVCGLSGLC
SP_A6MB79,Nigrosin-OG20,A6MB79,Odorrana grahami,68,MFTMKKSLLLLFFLGTINLSLC,GLLSGILGAGKHIVCGLSGLC
SP_A6MAY8,Nigrosin-OG20,A6MAY8,Odorrana grahami,66,MFTMKKSLLLLFFLGTINLSLC,GLLSGILGAGKHIVCGLSGLC
SP_A6MB01,Nigrosin-OG20,A6MB01,Odorrana grahami,66,MFTLKKSLLLLFFLGTINLSLC,GLLSGILGAGKHIVCGLSGLC
SP_A6MB77,Nigrosin-OG20,A6MB77,Odorrana grahami,66,MFTMKKYLLLLFFLGTINLSLC,GLLSGILGAGKHIVCGLSGLC
SP_A6MB95,Nigrosin-OG20,A6MB95,Odorrana grahami,66,MFPLKKSLLLLFFLGTINLSLC,GLLSGILGAGKHIVCGLSGLC
SP_A6MAZ9,Nigrosin-OG20,A6MAZ9,Odorrana grahami,66,MFTMKKSLLLLLFLGTINLSLC,GLLSGILGAGKHIVCGLSGLC
SP_A6MB21,Nigrosin-OG20,A6MB21,Odorrana grahami,66,MFTLKKSLLLLFFLGTINLSLC,GLLSGILGAGKHIVCGLSGLC
SP_A6MB04,Nigrosin-OG20,A6MB04,Odorrana grahami,66,MFTLKKSLLLPFFLGTINLSLC,GLLSGILGAGKHIVCGLSGLC
SP_A6MB08,Nigrosin-OG20,A6MB08,Odorrana grahami,66,MFTLKKSLLLLFFLGTINLSLC,GLLSGILGAGKHIVCGLSGLC
SP_A6MB83,Nigrosin-OG20,A6MB83,Odorrana grahami,67,MFTLKKSVLLLFFLGTISLSLC,GLLSGILGAGKHIVCGLSGLC
SP_A6MB89,Nigrosin-OG20,A6MB89,Odorrana grahami,66,MFPLKKSPLLLFFLGTINLSFC,GLLSGILGAGKHIVCGLSGLC
SP_A6MB73,Nigrosin-OG20,A6MB73,Odorrana grahami,66,MFTLKKYLLLLFFLGTINLSLC,GLLSGILGAGKHIVCGLSGLC
SP_A6MBA2,Nigrosin-OG20,A6MBA2,Odorrana grahami,66,MFTMKKSLLLLFFLGTINLSFC,GLLSGILGAGKHIVCGLSGLC
SP_A6MB10,Nigrosin-OG20,A6MB10,Odorrana grahami,66,MFTLKKSQLLLFFPGTINLSLC,GLLSGILGAGKHIVCGLSGLC
SP_A6MB31,Nigrosin-OG20,A6MB31,Odorrana grahami,66,MFTLKKSLLLLFFLGTINLSLC,GLLSGILGAGKHIVCGLSGLC
SP_A6MB62,Nigrosin-OG20,A6MB62,Odorrana grahami,67,MFTLKKSMLLLFFLGTISLSLC,GLLSGILGAGKHIVCGLSGLC
SP_A6MB91,Nigrosin-OG20,A6MB91,Odorrana grahami,66,MFTMKKSLLLLFFLGTINLSLC,GLLSGILGAGKHIVCGLSGLC
SP_A6MB05,Nigrosin-OG20,A6MB05,Odorrana grahami,66,MFTLKKPLLLLFFLGTINLSLC,GLLSGILGAGKHIVCGLSGLC
SP_A6MB75,Nigrosin-OG20,A6MB75,Odorrana grahami,66,MFTLKKSLLLLFFLGTINLSLC,GLLSGILGAGKHIVCGLSGLC
SP_A6MBA3,Nigrosin-OG20,A6MBA3,Odorrana grahami,66,MFTMKKSLLPLFFLGTINLSLC,GLLSGILGAGKHIVCGLSGLC
SP_E3SYP8,Nigrosin-RA2,E3SYP8,Odorrana andersonii,66,MFTMKKSLLLLFFLGTINLSLC,GLLSGILGAGKHIVCGLSGLC
SP_E3SYP5,Nigrosin-RA2,E3SYP5,Odorrana andersonii,66,MFPLKKPLLLLFFFGTINLSFC,GLLSGILGAGKHIVCGLSGLC
SP_E3SYP7,Nigrosin-RA2,E3SYP7,Odorrana andersonii,66,MFTLKKPLLLLFFLGTINLSLC,GLLSGILGAGKHIVCGLSGLC
SP_E3SYP6,Nigrosin-RA2,E3SYP6,Odorrana andersonii,66,MFTMKKPLLLLFFLGTINLSFC,GLLSGILGAGKHIVCGLSGLC
SP_D2K8G6,Nigrosin-RA3,D2K8G6,Odorrana andersonii,66,MFTLKKPLLLLFFLGTISLSLC,GLLSGVLGVGKKIVCGLSGLC
SP_D2K8B7,Nigrosin-RA3,D2K8B7,Odorrana andersonii,66,MFTMKKSLLLLFFLGTISLSLC,GLLSGVLGVGKKIVCGLSGLC
SP_D2K8D3,Nigrosin-RA3,D2K8D3,Odorrana andersonii,66,MFTMKKPLLLLFFLGTISLSLC,GLLSGVLGVGKKIVCGLSGLC
SP_D2K8E7,Nigrosin-RA3,D2K8E7,Odorrana andersonii,66,MFTLKKPLLLLFFLGTISLSLC,GLLSGVLGVGKKIVCGLSGLC
SP_E3SYQ0,Nigrosin-RA3,E3SYQ0,Odorrana andersonii,66,MFPLKKSLLLLFFLGTISLSFC,GLLSGVLGVGKKIVCGLSGLC
SP_E3SYU5,Nigrosin-RA3,E3SYU5,Odorrana andersonii,66,MFTLKKSLLLLFFLGTISLSLC,GLLSGVLGVGKKIVCGLSGLC
SP_E3SYW0,Nigrosin-RA3,E3SYW0,Odorrana andersonii,66,MFTLKKPLLLLFFLGTISLSLC,GLLSGVLGVGKKIVCGLSGLC
SP_E3SYS4,Nigrosin-RA3,E3SYS4,Odorrana andersonii,66,MFPMKKPLLLLFFLGTISLSFC,GLLSGVLGVGKKIVCGLSGLC
SP_E3SYW1,Nigrosin-RA3,E3SYW1,Odorrana andersonii,66,MFTMKKPLLLLFFLGTISLSFC,GLLSGVLGVGKKIVCGLSGLC
SP_E3SYU1,Nigrosin-RA3,E3SYU1,Odorrana andersonii,66,MFPLKKSLLLLFFLGPISLSFC,GLLSGVLGVGKKIVCGLSGLC
SP_E3SYU0,Nigrosin-RA3,E3SYU0,Odorrana andersonii,66,MFTLKKSLLLLFFLGTISLSLC,GLLSGVLGVGKKIVCGLSGLC
SP_E3SYU4,Nigrosin-RA3,E3SYU4,Odorrana andersonii,66,MFTMKKSLLLLFFLGTISLSFC,GLLSGVLGVGKKIVCGLSGLC
SP_E3SYW2,Nigrosin-RA3,E3SYW2,Odorrana andersonii,66,MFPMKKPLLLLFFLGTISLSFC,GLLSGVLGVGKKIVCGLSGLC
SP_E3SYS5,Nigrosin-RA3,E3SYS5,Odorrana andersonii,66,MFPLKKPLLLLFFLGTISLSFC,GLLSGVLGVGKKIVCGLSGLC
SP_E3SYT4,Nigrosin-RA3,E3SYT4,Odorrana andersonii,66,MFTLKKPLLLLFFLGTISLSLC,GLLSGVLGVGKKIVCGLSGLC
SP_E3SYR8,Nigrosin-RA3,E3SYR8,Odorrana andersonii,66,MFTLKKPLLLLFFLGTISLSFC,GLLSGVLGVGKKIVCGLSGLC
SP_E3SYU2,Nigrosin-RA3,E3SYU2,Odorrana andersonii,66,MFTLKKPLLLLFFLGTISLSLC,GLLSGVLGVGKKIVCGLSGLC
SP_E3SYU3,Nigrosin-RA3,E3SYU3,Odorrana andersonii,66,MFTMKKSLLLLFFLGTISLSFC,GLLSGVLGVGKKIVCGLSGLC
SP_P85090,Ocellatin-4,P85090,Leptodactylus bolivianus,21,/,GLLDFVTGVGKDIFAQLIKQI
SP_A6MBD9,Odorranain B1,A6MBD9,Odorrana grahami,63,MFTLKKSLLVLFFLGIVSLSVC,AALKGCWTKSIPPKPCFGKR
SP_E3SZA6,Odorranain-A-RA7,E3SZA6,Odorrana andersonii,61,MFTMKKSLLLLFFLGTISLSLC,VVKCSYRLGSPDSQCN
SP_E3SZA7,Odorranain-B-RA1,E3SZA7,Odorrana andersonii,63,MFTLKKSLLLLFFLGIVSLSSC,AALRGCWTKSIPPKPCSGKR
SP_A6MBD6,Odorranain-B1,A6MBD6,Odorrana grahami,63,MFTLKKSLLLLFFLGIVSLSVC,AALKGCWTKSIPPKPCFGKR
SP_A6MBE0,Odorranain-B1,A6MBE0,Odorrana grahami,63,MFTLKKPLLLLFFLGIVSLSVC,AALKGCWTKSIPPKPCFGKR
SP_A6MBD4,Odorranain-B1,A6MBD4,Odorrana grahami,63,MFTLKKSLLLLFFLGIISLSFR,AALKGCWTKSIPPKPCFGKR
SP_A6MBE5,Odorranain-B1,A6MBE5,Odorrana grahami,63,MFTLKKSLLLLFFLGIISLSFC,AALKGCWTKSIPPKPCFGKR
SP_A6MBD5,Odorranain-B1,A6MBD5,Odorrana grahami,63,MFTLKKSLLLLFFFGIVSLSVC,AALKGCWTKSIPPKPCFGKR
SP_A6MBD7,Odorranain-B1,A6MBD7,Odorrana grahami,63,MFTMKKSLLLLFFLGIVSLSVC,AALKGCWTKSIPPKPCFGKR
SP_A6MBE3,Odorranain-B1,A6MBE3,Odorrana grahami,63,MFTMKKSLLLLFSLGIVSLSVC,AALKGCWTKSIPPKPCFGKR
SP_E7EKD9,Odorranain-B1-HN1,E7EKD9,Odorrana hainanensis,63,MFTTKKPLLLLFFLGIISLSVC,AALKGCWTKSIPPKPCFGKR
SP_D0PRC0,Odorranain-B4,D0PRC0,Odorrana grahami,63,MFTLKKSLFVLFFLGIVSLSVC,AALKGCWTKSIPPKPCSGKR
SP_A6MBF6,Odorranain-C1,A6MBF6,Odorrana grahami,75,MFTLKKPLLLLFFLGTISLSLC,GVLGAVKDLLIGAGKSAAQSVLKTLSCKLSNDC
SP_A6MBE6,Odorranain-C7,A6MBE6,Odorrana grahami,75,MFTMKKSLLLLLFLGTISLSLC,GVLGTVKNLLIGAGKSAAQSVLKTLSCKLSNDC
SP_A6MBH0,Odorranain-C8,A6MBH0,Odorrana grahami,75,MFTLKKSLLLLLFLGTISLSLC,GVLGTVKNLLIGAGKSAAQSVLKTLSCKLSNDC
SP_A6MBG9,Odorranain-C8,A6MBG9,Odorrana grahami,75,MFTLKKSLLLLLFLGTIPLSLC,GVLGTVKNLLIGAGKSAAQSVLKTLSCKLSNDC
SP_A6MBK0,Odorranain-C8,A6MBK0,Odorrana grahami,75,MFPLKKSLLLLLFLGTISLSLC,GVLGTVKNLLIGAGKSAAQSVLKTLSCKLSNDC
SP_A6MBH1,Odorranain-C8,A6MBH1,Odorrana grahami,75,MFTLKKSLLLLLFLGTISLSLC,GVLGTVKNLLIGAGKSAAQSVLKTLSCKLSNDC
SP_A6MBK1,Odorranain-C8,A6MBK1,Odorrana grahami,75,MFPLKKPLLLLFFLGTISLSFC,GVLGTVKNLLIGAGKSAAQSVLKTLSCKLSNDC
SP_A6MBE7,Odorranain-C8,A6MBE7,Odorrana grahami,75,MFTMKKSLLLLLFLGTISLSLC,GVLGTVKNLLIGAGKSAAQSVLKTLSCKLSNDC
SP_A6MBI9,Odorranain-C8,A6MBI9,Odorrana grahami,75,MFTLKKSLLLLLFLGTISLSLC,GVLGTVKNLLIGAGKSAAQSVLKTLSCKLSNDC
SP_A6MBK7,Odorranain-D1,A6MBK7,Odorrana grahami,72,MFTLLLLFFLGTISLSLC,GFLDTFKNLALNAAKSAGVSVLNSLSCKLFKTC
SP_2677,Odorranain-E1,,Odorrana grahami,32,/,GLGGAKKNFIIAANKTAPQSVKKTFSCKLYNG
SP_2825,Odorranain-F-OA1,,Odorrana andersonii,71,MFTLKKPLLVLFFLGIVSLSLC,GFMDTAKNVAKNMAGNLLDNLKCKITKAC
SP_2944,Odorranain-F-OA3,,Odorrana andersonii,29,/,GFMDTAKNVAKNEAGNLLDNLKCKITKAC
SP_2945,Odorranain-F-OA4,,Odorrana andersonii,29,/,GFMATAKNVAKNMDVTLLDNLKCKITKAC
SP_2946,Odorranain-F-OR1,,Odorrana rotodora,29,/,GFMDTAKNVAKNVAATLLDKLKCKITGGC
SP_2947,Odorranain-F-OW1,,Odorrana wuchuanensis,29,/,GFMNTAKNVAKNVAVTLLDNLKCKITGGC
SP_D2K8E4,Odorranain-F-RA1,D2K8E4,Odorrana andersonii,71,MFPLKKSLLVLFFLGIVSLSFC,GFMDTAKNVAKNMAVTLLDNLKCKITKAC
SP_D2K8I2,Odorranain-F-RA1,D2K8I2,Odorrana andersonii,71,MFTMKKSLLVLFFLGIVSLSLC,GFMDTAKNVAKNMAVTLLDNLKCKITKAC
SP_E3SZB5,Odorranain-F-RA1,E3SZB5,Odorrana andersonii,71,MFTMKKPLLVLFFLGIVSLSLC,GFMDTAKNVAKNMAVTLLDNLKCKITKAC
SP_E3SZB4,Odorranain-F-RA1,E3SZB4,Odorrana andersonii,71,MFTLKKPLLVLFFLGIVSLSLC,GFMDTAKNVAKNMAVTLLDNLKCKITKAC
SP_A6MBL6,Odorranain-F2,A6MBL6,Odorrana grahami,71,MFTMKKSLLLLFFXGIVSLSLC,GFMDTAKNVAKNVAVTLLDNLKCKITKAC
SP_A6MBL0,Odorranain-F2,A6MBL0,Odorrana grahami,72,MFTMKKSLLLLFFIGTISLSLC,GFMDTAKNVAKNVAVTLLDNLKCKITKAC
SP_A6MBL1,Odorranain-F2,A6MBL1,Odorrana grahami,69,MFTMKKSLLLLFFIGTISLSLC,GFMDTAKNVAKNVAVTLLDNLKCKITKAC
SP_A6MBL5,Odorranain-F2,A6MBL5,Odorrana grahami,71,MFTMKKSLLLLFFLGIVSLSLC,GFMDTAKNVAKNVAVTLLDNLKCKITKAC
SP_A6MBL4,Odorranain-F2,A6MBL4,Odorrana grahami,71,MFPMKKSLLLLFFLGIVSLSLC,GFMDTAKNVAKNVAVTLLDNLKCKITKAC
SP_A6MBK9,Odorranain-F2,A6MBK9,Odorrana grahami,71,MFTMKKSLLVLFFLGIVSLSLC,GFMDTAKNVAKNVAVTLLDNLKCKITKAC
SP_E3SZB9,Odorranain-G-RA2,E3SZB9,Odorrana andersonii,59,MFPLKKPLLLLFFLATINLSLC,FMPILSCSRFKRC
SP_A6MBL8,Odorranain-G1,A6MBL8,Odorrana grahami,59,MFTMKKSLLLLFFLATINLSLC,FMPILSCSRFKRC
SP_A6MBL7,Odorranain-G1,A6MBL7,Odorrana grahami,59,MFTMKKSLLLLFFLATINLSLC,FMPILSCSRFKRC
SP_A6MBL9,Odorranain-H1,A6MBL9,Odorrana grahami,66,MFTMKKSLLLLFFLGTINLSLC,GLFGKILGVGKKVLCGLSGMC
SP_A6MBM0,Odorranain-H1,A6MBM0,Odorrana grahami,66,MFTLKKSLLLLFFLGTINLSLC,GLFGKILGVGKKVLCGLSGMC
SP_A6MBM3,Odorranain-H1,A6MBM3,Odorrana grahami,66,MFTMKKPLFLLFFLGTINLSLC,GLFGKILGVGKKVLCGLSGMC
SP_A6MBN4,Odorranain-H2,A6MBN4,Odorrana grahami,66,MFTLKKSLLLLFFLGTINLSLC,GIFGKILGVGKKVLCGLSGVC
SP_A7YL71,Odorranain-HP,A7YL71,Odorrana grahami,68,MFTLKKSLLLLFFLGTINLSLC,GLLRASSVWGRKYYVDLAGCAKA
SP_2826,Odorranain-J-OA1,,Odorrana andersonii,65,MFTLKKPLLLLFFLGTISLSLC,GLFTLIKGAYKLDAPTVACN
SP_2948,Odorranain-J-OA2,,Odorrana andersonii,20,/,GLFTLIKGAYKNDAPTVACN
SP_A6MBN6,Odorranain-J1,A6MBN6,Odorrana grahami,61,MFTLKKPLLVLFFLGTISLSLC,GLFTLIKCAYQLIAPTVACN
SP_A6MBN8,Odorranain-K1,A6MBN8,Odorrana grahami,80,MFTMKKSLLVLFFLGTISLSLC,GLFTLIKGAAKLIGKTVPKKQARLGMNLWLVKLPTNVKT
SP_A6MBP5,Odorranain-M1,A6MBP5,Odorrana grahami,71,MFTLKKFLLLLFFLGIVSSSPC,ATAVDFGPHGLLPIRPIRIRPLCGKDKS
SP_E3SZH7,Odorranain-P-RA1,E3SZH7,Odorrana andersonii,70,MFTLKKPLLLLFFLGTINLSLC,VIVFVASVAAEMMQHVYCAASKKC
SP_E3SZH8,Odorranain-P-RA2,E3SZH8,Odorrana andersonii,69,MFTLKKSLLLLFFLGTISLSLC,VIPFVASVAAEMMQHVYCAASKKC
SP_E3SZH9,Odorranain-P-RA2,E3SZH9,Odorrana andersonii,69,MFTMKKPLLHLFFLGTINLSLC,VIPFVASVAAEMMQHVYCAASKKC
SP_A6MBQ0,Odorranain-P1a,A6MBQ0,Odorrana grahami,86,MFTLKKSLLLLFFLGTINLFFC,VIPFVASVAAETMQHVYCAASKKMLKLNWKSSDVENHLAKC
SP_B4ERK3,Odorranain-P1b,B4ERK3,Odorrana schmackeri,68,MFTLKKSLLLLFFLGTINSSLC,VIPFVASVAAEMMQHVYCAASKKC
SP_A6MBQ1,Odorranain-P1b,A6MBQ1,Odorrana grahami,69,MFTLKKSLLLLFFLGTINLSLC,VIPFVASVAAEMMQHVYCAASKKC
SP_A6MBQ9,Odorranain-P1b,A6MBQ9,Odorrana grahami,69,MFTMKKSLLLLFFLGTINLSLC,VIPFVASVAAEMMQHVYCAASKKC
SP_A6MBR0,Odorranain-P1b,A6MBR0,Odorrana grahami,69,MFTMKKSLLLLFFLGTINLSLC,VIPFVASVAAEMMQHVYCAASKKC
SP_A6MBQ6,Odorranain-P1b,A6MBQ6,Odorrana grahami,69,MFTMKKSLLLLFFLGTINLSIC,VIPFVASVAAEMMQHVYCAASKKC
SP_A6MBQ7,Odorranain-P1b,A6MBQ7,Odorrana grahami,69,MFTMKKSLLLLFFLGTINLSFC,VIPFVASVAAEMMQHVYCAASKKC
SP_A6MBQ8,Odorranain-P1b,A6MBQ8,Odorrana grahami,69,MFTMKKSLLLLFFLGTINLSFC,VIPFVASVAAEMMQHVYCAASKKC
SP_E1B259,Odorranain-P1b,E1B259,Odorrana margaretae,69,MFTLKKPLLLLFFLGTINLSLC,VIPFVASVAAEMMQHVYCAASKKC
SP_A6MBR1,Odorranain-P2a,A6MBR1,Odorrana grahami,83,MFTLKKSLLLLFFLGTINLSLC,GLLSGILGAGKHIVCGLSGPCQSLNRKSSDVEYHLAKC
SP_E3SZI2,Odorranain-S-RA,E3SZI2,Odorrana andersonii,59,MFTMKKSLLLLFFLGAISLSLC,FLPPSPWKETFRTS
SP_A6MBR9,Odorranain-S1,A6MBR9,Odorrana grahami,59,MFTMKKSLLLLFFLGAISLSLC,FLPPSPWKETFRTS
SP_A6MBS0,Odorranain-S1,A6MBS0,Odorrana grahami,59,MFTLKKSLLLLFFLGAISLSLC,FLPPSPWKETFRTS
SP_A6MBS1,Odorranain-T1,A6MBS1,Odorrana grahami,62,MFTLKKSLLLLFFLGTISLSLC,TSRCYIGYRRKVVCS
SP_2831,Odorranain-U-OA1,,Odorrana andersonii,63,MFTMKKSLLLLFFLGTISLSLC,DCTRWIIGINGRICRD
SP_E3SZI5,Odorranain-U-RA,E3SZI5,Odorrana andersonii,63,MFTLKKPPLLLFFLGTISLSPC,GCSRWIIGIHGQICRD
SP_E3SZI3,Odorranain-U-RA,E3SZI3,Odorrana andersonii,63,MFTMKKPLLLLFFFGTISLSLC,GCSRWIIGIHGQICRD
SP_E3SZI4,Odorranain-U-RA,E3SZI4,Odorrana andersonii,63,MFTLKKSLLLLFFLGTISLSLC,GCSRWIIGIHGQICRD
SP_A6MBS3,Odorranain-U1,A6MBS3,Odorrana grahami,63,MFTLKKSLLLLFFLGTISLSLC,GCSRWIIGIHGQICRD
SP_A6MBS4,Odorranain-U1,A6MBS4,Odorrana grahami,63,MFTMKKSLLLLFFLGTISLSLC,GCSRWIIGIHGQICRD
SP_A6MBS7,Odorranain-V1,A6MBS7,Odorrana grahami,57,MFPLKKSLLLLFFLGTINLSFC,GLLSGTSVRGSI
SP_E3SZI6,Odorranain-W-RA1,E3SZI6,Odorrana andersonii,68,MFTLKKSLLLLFFLGTINLSLC,GLLRASSVWGRKYYVDLAGCAKA
SP_A6MBS8,Odorranain-W1,A6MBS8,Odorrana grahami,68,MFTLKKSLLLLFFLGTINLSLC,GLFGKSSVWGRKYYVDLAGCAKA
SP_2960,OGTI precursor A74,,Odorrana grahami,70,MFTLKKSLLLLFFVGFISLSLC,AVNIPFKVHFRCKAAFC
SP_2962,OGTI precursor AF-43,,Odorrana grahami,70,MFTLKKSLLLLFFLGFISLSLC,AVNIPFKVHFRCKAAFC
SP_2964,OGTI precursor AF-66,,Odorrana grahami,70,MFTLKKSVLLLFFLGFISLSLC,AVNIPFKVHFRCKAAFC
SP_2963,OGTI precursor AT-21,,Odorrana grahami,70,MFTMKKSLLLLFFLGFISLSLC,AVNIPFKVHFRCKAAFC
SP_2961,OGTI precursor C2,,Odorrana grahami,70,MFTMKKSLLLLFFVGFISLSLC,AVNIPFKVHFRCKAAFC
SP_P84275,Palustrin-1b,P84275,Lithobates palustris,28,/,ALFSILRGLKKLGNMGQAFVNCKIYKKC
SP_P84277,Palustrin-1d,P84277,Lithobates palustris,27,/,ALSILKGLEKLAKMGIALTNCKATKKC
SP_2697,Palustrin-2AR,,Lithobates areolatus,29,/,GFISTVKNLATNVAGTVIDTIKCKVTGGC
SP_P84279,Palustrin-2b,P84279,Lithobates palustris,31,/,GFFSTVKNLATNVAGTVIDTLKCKVTGGCRS
SP_P84280,Palustrin-2c,P84280,Lithobates palustris,31,/,GFLSTVKNLATNVAGTVIDTLKCKVTGGCRS
SP_F1T152,Palustrin-2ISa,F1T152,Odorrana ishikawae,70,MFTLKKSLLLLFFLGTISLSLC,GFMDTAKNVAKNVAVTLLDKLKCKITGGC
SP_2951,Palustrin-2ISb,,Odorrana ishikawae,80,MFTLKKSLLLLFFIGTISLSLC,GLWNSIKIAGKKLFVNVLDKIRCKVAGGCKTSPDVE
SP_G3XHN9,Palustrin-2ISc,G3XHN9,Odorrana ishikawae,69,MFTLKKSLLLLFFLGSISLSLC,GFMDTAKNVAKNVAATLLDKLKCKITGGC
SP_P84281,Palustrin-3a,P84281,Lithobates palustris,48,/,GIFPKIIGKGIKTGIVNGIKSLVKGVGMKVFKAGLNNIGNTGCNEDEC
SP_2698,Palustrin-3AR,,Lithobates areolatus,45,/,GIFPKIIGKGIVNGIKSLAKGVGMKVFKAGLNNIGNTGCNNRDEC
SP_Q1JS88,Palustrin-3b,Q1JS88,Odorrana versabilis,86,MFTLKKPLLLIVLLGIISLSLC,GIFPKIIGKGIKTGIVNGIKSLVKGVGMKVFKAGLSNIGNTGCNEDEC
SP_P84262,Palustrin-3b,P84262,Lithobates palustris,48,/,GIFPKIIGKGIKTGIVNGIKSLVKGVGMKVFKAGLSNIGNTGCNEDEC
SP_D0ES75,Parkerin,D0ES75,Nanorana parkeri,72,MFTLKKSLFLVFFLGMVSLSLC,GWANTLKNVAGGLCKITGAA
SP_Q800R3,PBN1,Q800R3,Phyllomedusa bicolor,66,MAFLKKSLFLVLFLGLVSLSIC,FLSLIPHIVSGVAALAKHLG
SP_2734,Pentadactylin,,Leptodactylus pentadactylus,25,/,GLLDTLKGAAKNVVGSLASKVMEKL
SP_2648,PGLa-AM1,,Xenopus amieti,22,/,GMASKAGSVLGKVAKVALKAAL
SP_2710,PGLa-AN2,,Xenopus andrei,21,/,GMASKAGSVLGKLAKVAIGAL
SP_2712,PGLa-B2,,Xenopus borealis,21,/,GMASKAGSIVGKIAKIALGAL
SP_2719,PGLa-MW1,,Xenopus muelleri,21,/,GMASKAGSVLGKITKIALGAL
SP_E3PQH3,Phylloseptin-1,E3PQH3,Phyllomedusa sauvagii,66,MDILKKSLFLVLFLGLVSLSIC,FLSLIPHIVSGVASIAKHF
SP_P84566,Phylloseptin-1,P84566,Phyllomedusa hypochondrialis,19,/,FLSLIPHAINAVSAIAKHN
SP_P84567,Phylloseptin-2,P84567,Phyllomedusa hypochondrialis,66,MAFLKKSLFLVLFLGLATLSIC,FLSLIPHAINAVSTLVHHF
SP_P84930,Phylloseptin-2,P84930,Phyllomedusa tarsius,19,/,FLSLIPHIATGIAALAKHL
SP_P84568,Phylloseptin-3,P84568,Phyllomedusa hypochondrialis,19,/,FLSLIPHAINAVSALANHG
SP_P85882,Phylloseptin-7,P85882,Phyllomedusa azurea,66,MAFLKKSLFLVLFLGLVSLSIC,FLSLIPHAINAVSAIAKHF
SP_P84572,Phylloseptin-7,P84572,Phyllomedusa hypochondrialis,66,MAFLKKSLFLVLFLGLVSLSIC,FLSLIPHAINAVSAIAKHF
SP_2586,Phylloseptin-L1,,Hylomantis lemur,18,/,LLGMIPLAISAISALSKL
SP_P86710,Phylloseptin-P1,P86710,Phyllomedusa palliata,19,/,FLSLIPHAINAVSAIAKHF
SP_2665,Phylloxin,,Phyllomedusa bicolor,19,/,GWMSKIASGIGTFLSGIQQ
SP_A8DY01,Pleurain-A1,A8DY01,Babina pleuraden,69,MFTLKKTLLLLFFLGTISISLC,SIITMTKEAKLPQLWKQIACRLYNTC
SP_A8B5P0,Pleurain-A2,A8B5P0,Babina pleuraden,69,MFTLKKTLLLLYFLGTISISLC,SIITMTKEAKLPQSWKQIACRLYNTC
SP_B8QZV5,Preprobrevinin-1CEa,B8QZV5,Rana chensinensis,64,MFTLKKSLLLLFFLGTINLSLC,FLIGMTQGLICLITRKC
SP_B8QZV6,Preprobrevinin-1CEb,B8QZV6,Rana chensinensis,64,MFTLKKSLLLLFFLGTINLSLC,FLIGMTHGLICLISRKC
SP_F1AEM1,Preprobrevinin-2CE,F1AEM1,Rana chensinensis,78,MFTLKKSMLLLFFLGTISLSLC,GLLSVFKGVLKTAGKNVAKNVAGSLLDQLKCKISGGC
SP_F1AEM2,Preprobrevinin-2CE,F1AEM2,Rana chensinensis,78,MFTLKKSMLLLFFLGTISLSLC,GLLSVFKGVLKTAGKNVAKNVAGSLLDQLKCKISGGC
SP_F1AEM3,Preprobrevinin-2CE,F1AEM3,Rana chensinensis,78,MFTSKKSMLLFFFLGTISLSLC,GLLSVFKGVLKTAGKNVAKNVAGSLLDQLKCKISGGC
SP_B8QZV7,Preprochensinin-1,B8QZV7,Rana chensinensis,65,MFTLKKSLLLLFFIGVIKLSLC,SAVGRHGRRFGLRKHRKH
SP_F1AEL3,Preprochensinin-1CEb,F1AEL3,Rana chensinensis,68,MFTLKKSLLLLFFIGVIKLSLC,LALERRSGWLRLFGLKPRRKH
SP_F1AEL6,Preprochensinin-2CE,F1AEL6,Rana chensinensis,64,MFTMKKSMLLLFFLGTISLSLC,NFAEIFAAVNKLIKQGVVKG
SP_Q1EN15,Preprodermaseptin S9,Q1EN15,Phyllomedusa sauvagii,69,MAFLKKSLFLVLFLGLVSLSIC,GLRSKIWLWVLLMIWQESNKFKKM
SP_2975,Preprohainanenin-5,,Amolops hainanensis,67,MFTMKKSMLLLFFLGTINLSLC,FALGAVTKRLPSLFCLITRKC
SP_A7BJK6,Prepromelittin-related peptide,A7BJK6,Rana tagoi,68,MFTLKKSMLLLFFLGTISFSLC,AIGSILGALAKGLPTLISWIKNR
SP_F1AEK7,Prepropalustrin-2CE,F1AEK7,Rana chensinensis,70,MFTMKKSMLLLFFLGTISLSLC,GLWDSIKNFGKTIALNVMDKIKCKIGGGCPP
SP_F1AEK6,Prepropalustrin-2CE,F1AEK6,Rana chensinensis,70,MFTLKKSMLLLFFLGTISLSLC,GLWDSIKNFGKTIALNVMDKIKCKIGGGCPP
SP_B8QZV9,Preprotemporin-1CEb,B8QZV9,Rana chensinensis,60,MFTLKKSLLLLFFLGTINLSLC,ILPILSLIGGLLGK
SP_B8QZV8,Preprotemporin-1CEc,B8QZV8,Rana chensinensis,59,MFTLKKSLLLLFFLGTISLSLC,IIPLPLGYFAKKT
SP_F1AEM7,Preprotemporin-1CEe,F1AEM7,Rana chensinensis,62,MFTLKKSLLLLFFLGTINLSLC,ILPIIGKILSTIFGK
SP_A3KD26,Preprotemporin-1Oa1,A3KD26,Rana ornativentris,61,MFTLKKSLLLLFFLGTINLSLC,FLPLLASLFSRLL
SP_A0ZT59,Preprotemporin-1Ob1,A0ZT59,Rana ornativentris,62,MFTLKKSLLLLFFLGTINLSLC,FLPLIGKILGTIL
SP_A3KD27,Preprotemporin-1Oc1,A3KD27,Rana ornativentris,61,MFTLKKSLLLLFFLGTINLSLC,FLPLLASLFSRLF
SP_A1IKN3,Preprotemporin-1SKa,A1IKN3,Rana sakuraii,65,MFTLKKSLLLLFFLGTINLSLC,FLPVILPVIGKLLNGIL
SP_P83188,Pseudin-1,P83188,Pseudis paradoxa,24,/,GLNTLKKVFQGLHEAIKLINNHVQ
SP_P83189,Pseudin-2,P83189,Pseudis paradoxa,24,/,GLNALKKVFQGIHEAIKLINNHVQ
SP_P83190,Pseudin-3,P83190,Pseudis paradoxa,23,/,GINTLKKVIQGLHEVIKLVSNHE
SP_P83191,Pseudin-4,P83191,Pseudis paradoxa,23,/,GINTLKKVIQGLHEVIKLVSNHA
SP_Q99134,PYLa/PGLa,Q99134,Xenopus laevis,64,MYKQIFLCLIIAALCATIMA,YVRGMASKAGAIAGKIAKVALKAL
SP_Q91826,PYLa/PGLa B,Q91826,Xenopus laevis,24,MYKQIFLCLIIAALCATIMA,YVRGMASKAGAIAGKIAKVALKAL
SP_P39084,Ranalexin,P39084,Lithobates catesbeianus,66,MFTLKKSLLLLFFLGTINLSLC,FLGGLIKIVPAMICAVTKKC
SP_P82876,Ranalexin-1Ca,P82876,Lithobates calamitans,20,/,FLGGLMKAFPALICAVTKKC
SP_2976,Ranalexin-1G,,Lithobates grylio,20,/,FLGGLMKIIPAAFCAVTKKC
SP_2629,Ranalexin-1Vb,,Lithobates virgatipes,20,/,FLGGLFKLVPSVICAVTKKC
SP_2608,Ranateurin-2Ya,,Lithobates yavapaiensis,28,/,GLMDTIKGVAKTVAASWLDKLKCKITGC
SP_C5IBR9,Ranatuerin-1,C5IBR9,Lithobates catesbeianus,66,MFTLKKSLLLLFFLGTITLSLC,SMLSVLKNLGKVGLGFVACKINKQC
SP_C5IBS0,Ranatuerin-1,C5IBS0,Lithobates catesbeianus,66,MFTMKKSLLLLFFLGTITLSLC,SMLSVLKNLGKVGLGFVACKINKQC
SP_P82741,Ranatuerin-1,P82741,Lithobates catesbeianus,25,/,SMLSVLKNLGKVGLGFVACKINKQC
SP_P82875,Ranatuerin-1C,P82875,Lithobates calamitans,25,/,SMLSVLKNLGKVGLGLVACKINKQC
SP_2977,Ranatuerin-1Ga,,Lithobates grylio,25,/,SMISVLKNLGKVGLGFVACKVNKQC
SP_P82740,Ranatuerin-1T,P82740,Rana temporaria,33,/,GLLSGLKKVGKHVAKNVAVSLMDSLKCKISGDC
SP_E1AWD0,Ranatuerin-2-MG1,E1AWD0,Odorrana margaretae,70,MFTLKKSLLLLFFLGTISLSLC,AVNIPFKVHFRCKAAFC
SP_2701,Ranatuerin-2ARa,,Lithobates areolatus,28,/,GLMDTVKNAAKNLAGQLLDTIKCKMTGC
SP_2702,Ranatuerin-2ARb,,Lithobates areolatus,28,/,GILDTIKNAAKTVAVGLLEKIKCKMTGC
SP_2624,Ranatuerin-2AUa,,Rana aurora,32,/,GILSSFKGVAKGVAKNLAGKLLDELKCKITGC
SP_P82840,Ranatuerin-2B,P82840,Rana berlandieri,28,/,GLLDTIKGVAKTVAASMLDKLKCKISGC
SP_P84114,Ranatuerin-2BYa,P84114,Rana boylii,32,/,GILSTFKGLAKGVAKDLAGNLLDKFKCKITGC
SP_P84115,Ranatuerin-2BYb,P84115,Rana boylii,28,/,GIMDSVKGLAKNLAGKLLDSLKCKITGC
SP_P82879,Ranatuerin-2Cb,P82879,Lithobates calamitans,27,/,GLFLDTLKGLAGKLLQGLKCIKAGCKP
SP_2655,Ranatuerin-2CHa,,Lithobates chiricahuensis,28,/,GLMDTVKNAAKNLAGQLLDRLKCKITGC
SP_2656,Ranatuerin-2CHb,,Lithobates chiricahuensis,28,/,GLMDTIKGVAKNVAASLLEKLKCKVTGC
SP_2663,Ranatuerin-2CSa,,Rana cascadae,32,/,GILSSFKGVAKGVAKDLAGKLLETLKCKITGC
SP_2978,Ranatuerin-2G,,Lithobates grylio,31,/,GLLLDTLKGAAKDIAGIALEKLKCKITGCKP
SP_P82828,Ranatuerin-2La,P82828,Rana luteiventris,32,/,GILDSFKGVAKGVAKDLAGKLLDKLKCKITGC
SP_P82829,Ranatuerin-2Lb,P82829,Rana luteiventris,32,/,GILSSIKGVAKGVAKNVAAQLLDTLKCKITGC
SP_2600,Ranatuerin-2ONa,,Lithobates onca,29,/,GLMDTVKNAAKNLAGQMLDKLKCKITGSC
SP_Q8QFQ4,Ranatuerin-2P,Q8QFQ4,Lithobates pipiens,71,MFTMKKSLLLFFFLGTISLSLC,GLMDTVKNVAKNLAGHMLDKLKCKITGC
SP_A7WNV6,Ranatuerin-2PLa,A7WNV6,Lithobates palustris,71,MFTTKKSMLLFFFLGTISLSLC,GIMDTVKNVAKNLAGQLLDKLKCKITAC
SP_2682,Ranatuerin-2PLb,,Lithobates palustris,28,/,GIMDTVKNAAKDLAGQLLDKLKCRITGC
SP_2683,Ranatuerin-2PLc,,Lithobates palustris,28,/,GLLDTIKNTAKNLAVGLLDKIKCKMTGC
SP_2684,Ranatuerin-2PLd,,Lithobates palustris,28,/,GIMDSVKNVAKNIAGQLLDKLKCKITGC
SP_2685,Ranatuerin-2PLe,,Lithobates palustris,28,/,GIMDSVKNAAKNLAGQLLDTIKCKITAC
SP_2686,Ranatuerin-2PLf,,Lithobates palustris,27,/,GIMDTVKNAAKDLAGQLDKLKCRITGC
SP_2614,Ranatuerin-2PRa,,Rana pretiosa,32,/,GILDSFKGVAKGVAKDLAGKLLDKLKCKITGC
SP_2636,Ranatuerin-2PRa,,Rana pirica,28,/,GLMDVFKGAAKNLLASALDKIRCKVTKC
SP_2615,Ranatuerin-2PRb,,Rana pretiosa,32,/,GILDTFKGVAKGVAKDLAVHMLENLKCKMTGC
SP_2616,Ranatuerin-2PRd,,Rana pretiosa,32,/,GILSSIKGVAKGVAKNVAAQLLDTLKCKITGC
SP_2617,Ranatuerin-2PRe,,Rana pretiosa,28,/,GIMNTVKDVATGVATHLLNMVKCKITGC
SP_E3SZK8,Ranatuerin-2R-RA1,E3SZK8,Odorrana andersonii,72,MFTMKKPLLLLFFFGTISLSLC,ATNIPFKVHFRCKAAFC
SP_E3SZL1,Ranatuerin-2R-RA2,E3SZL1,Odorrana andersonii,70,MFTMKKSLSLLFFLGFISLSLC,AVNIPFKVHFRCKAAFC
SP_E3SZL0,Ranatuerin-2R-RA2,E3SZL0,Odorrana andersonii,70,MFTMKKPLLLLFFLGFISLSLC,AVNIPFKVHFRCKAAFC
SP_E3SZK9,Ranatuerin-2R-RA2,E3SZK9,Odorrana andersonii,70,MFPMKKSLLLLFFLGFISLSLC,AVNIPFKVHFRCKAAFC
SP_P85057,Ranatuerin-2SEa,P85057,Lithobates sevosus,29,/,GFISTVKNLATNVAGTVIDTIKCKVTGGC
SP_D5LXG2,Ranatuerin-2SHb,D5LXG2,Odorrana schmackeri,70,MFTMKKSLLLLFFLGFISLSLC,AVNIPFKVHFRCKAAFC
SP_D5MTH6,Ranatuerin-2TOa,D5MTH6,Rana tagoi okiensis,71,MFTLKKSMLLLFFLGTISLSLC,GLLNVIKDTAQNLFAAALDKLKCKVTKCN
SP_D5MTH7,Ranatuerin-2TOb,D5MTH7,Rana tagoi okiensis,71,MFTLKKSMLLLFFLGTISLSLC,GLLNVIKDTAQNLFAAALEKLKCKVTKCN
SP_Q1JS92,Ranatuerin-2Va,Q1JS92,Odorrana versabilis,71,MFTLKKSFLLLFFLGTITLSLC,GLLDTIKNTAKNLAVGLLDKIKCKMTGC
SP_2589,Ranatuerin-2VLa,,Lithobates vaillanti,28,/,GIMDTIKGAAKDVAAQLLDKLKCKITKC
SP_P82780,Ranatuerin-3,P82780,Lithobates catesbeianus,32,/,GFLDIINKLGKTFAGHMLDKIKCTIGTCPPSP
SP_C1C3U1,Ranatuerin-4,C1C3U1,Lithobates catesbeianus,70,MFTSKKSLLLLFFLGTINLSFC,FLPFIARLAAKVFPSIICSVTKKC
SP_P82821,Ranatuerin-6,P82821,Lithobates catesbeianus,13,/,FISAIASMLGKFL
SP_P82823,Ranatuerin-8,P82823,Lithobates catesbeianus,13,/,FISAIASFLGKFL
SP_P82824,Ranatuerin-9,P82824,Lithobates catesbeianus,14,/,FLFPLITSFLSKVL
SP_D5MTI5,Ranaturerin-2SKa,D5MTI5,Rana sakuraii,70,MFTLKKSMLLLFFLGTISFSLC,GLLDAIKDTAQNLFANVLDKIKCKFTKC
SP_P86037,Raniseptin-1,P86037,Hypsiboas raniceps,80,MAFLKKSLFLVLFLGIVSLSIC,AWLDKLKSLGKVVGKVALGVAQNYLNPQQ
SP_C0ILB4,Rugosin-RN,C0ILB4,Hylarana nigrovittata,75,MFTMKKSLLFLFFLGTISLSFC,SIRDKIKTIAIDLAKSAGTGVLKTLICKLDKSC
SP_C0ILD2,Rugosin-RN,C0ILD2,Hylarana nigrovittata,75,MFTMKKSLLFLFFLGTISLSFC,SIRDKIKTIAIDLAKSAGTGVLKTLICKLDKSC
SP_C0ILD5,Rugosin-RN,C0ILD5,Hylarana nigrovittata,75,MFPMKKSLLFLFFLGTISLSFC,SIRDKIKTIAIDLAKSAGTGVLKTLICKLDKSC
SP_C0ILC8,Rugosin-RN,C0ILC8,Hylarana nigrovittata,75,MFTMKKSLLFLFFLGTISLSFC,SIRDKIKTIAIDLAKSAGTGVLKTLICKLDKSC
SP_C0ILD4,Rugosin-RN,C0ILD4,Hylarana nigrovittata,75,MFTMKKSLLSLFFLGTISLSFC,SIRDKIKTIAIDLAKSAGTGVLKTLICKLDKSC
SP_C0ILE1,Rugosin-RN,C0ILE1,Hylarana nigrovittata,75,MFTMKKSLLFLFFLGTISLSFC,SIRDKIKTIAIDLAKSAGMGILKTLICKLDKSC
SP_C0ILE3,Rugosin-RN,C0ILE3,Hylarana nigrovittata,75,MFTMKKSLLFLFFLGTISLSFC,SIRDKIKTIAIDLAKSAGTGVLKTLICKLNKSC
SP_C0ILC7,Rugosin-RN,C0ILC7,Hylarana nigrovittata,75,MFTMKKSLLFPFFLGTISLSFC,SIRDKIKTIAIDLAKSAGTGVLKTLICKLDKSC
SP_C0ILC0,Rugosin-RN,C0ILC0,Hylarana nigrovittata,75,MFTMKKSLLFLFFLGTTSLSFC,SIRDKIKTIAIDLAKSAGTGVLKTLICKLDKSC
SP_C0ILC6,Rugosin-RN,C0ILC6,Hylarana nigrovittata,75,MFTMKKSLLFLFFLGTISLSFR,SIRDKIKTIAIDLAKSAGTGVLKTLICKLDKSC
SP_2727,RV-23,,Rana draytonii,23,/,RIGVLLARLPKLFSLFKLMGKKV
SP_2862,Schmackerin-C1,,Odorrana schmackeri,75,MFPLKKSLLLLFFFGTISLFFF,AAPRGGKGFFCKLFKDC
SP_2722,Shuchin 1,,Rana shuchinae,18,/,NALSMPRNKCNRALMCFG
SP_2723,Shuchin 2,,Rana shuchinae,18,/,NALSSPRNKCDRASSCFG
SP_P86131,Signiferin-2.1,P86131,Crinia signifera,15,/,IIGHLIKTALGMLGL
SP_B0B2H5,Temporin-1AM,B0B2H5,Rana amurensis,62,MFTLKKSLLLLFFLGTINLSLC,FLPLVGKILSGLI
SP_2703,Temporin-1ARa,,Lithobates areolatus,13,/,FLPIVGRLISGLL
SP_P84116,Temporin-1BYa,P84116,Rana boylii,13,/,FLPIIAKVLSGLL
SP_P82883,Temporin-1Cd,P82883,Lithobates calamitans,13,/,FLPFLASLLSKVL
SP_P82884,Temporin-1Ce,P82884,Lithobates calamitans,13,/,FLPFLATLLSKVL
SP_2659,Temporin-1CSa,,Rana cascadae,13,/,FLPIVGKLLSGLL
SP_2660,Temporin-1CSb,,Rana cascadae,13,/,FLPIIGKLLSGLL
SP_2661,Temporin-1CSc,,Rana cascadae,13,/,FLPLVTGLLSGLL
SP_2662,Temporin-1CSd,,Rana cascadae,14,/,NFLGTLVNLAKKIL
SP_2725,Temporin-1DRa,,Rana draytonii,14,/,HFLGTLVNLAKKIL
SP_2983,Temporin-1DRb,,Rana draytonii,14,/,NFLGTLVNLAKKIL
SP_2671,Temporin-1Ec,,Pelophylax esculentus,13,/,FLPVIAGLLSKLF
SP_2979,Temporin-1Gb,,Lithobates grylio,14,/,SILPTIVSFLSKFL
SP_2980,Temporin-1Gc,,Lithobates grylio,14,/,SILPTIVTFLSKFL
SP_2981,Temporin-1Gd,,Lithobates grylio,14,/,FILPLIASFLSKFL
SP_P82830,Temporin-1La,P82830,Rana luteiventris,13,/,VLPLISMALGKLL
SP_P82831,Temporin-1Lb,P82831,Rana luteiventris,14,/,NFLGTLINLAKKIM
SP_P82832,Temporin-1Lc,P82832,Rana luteiventris,14,/,FLPILINLIHKGLL
SP_2999,Temporin-1Od,,Rana ornativentris,13,/,FLPLLASLFSGLF
SP_B0B2H3,Temporin-1P,B0B2H3,Lithobates pipiens,62,MFTLKKSLLLLFFLGTINLSLC,FLPIVGKLLSGLL
SP_P82848,Temporin-1P,P82848,Lithobates pipiens,13,/,FLPIVGKLLSGLL
SP_A7WNV7,Temporin-1PLa,A7WNV7,Lithobates palustris,62,MFTSKKSLLLLFFLGTINLSLC,FLPLVGKILSGLI
SP_2689,Temporin-1Sa,,Pelophylax saharicus,13,/,FLSGIVGMLGKLF
SP_2690,Temporin-1Sb,,Pelophylax saharicus,13,/,FLPIVTNLLSGLL
SP_2691,Temporin-1Sc,,Pelophylax saharicus,13,/,FLSHIAGFLSNLF
SP_2730,Temporin-1SKb,,Rana sakuraii,17,/,FLPVILPVIGKLLSGIL
SP_2696,Temporin-1SPb,,Lithobates septentrionalis,13,/,FLSAITSLLGKLL
SP_Q2PGA8,Temporin-1TGa,Q2PGA8,Rana tagoi,61,MFTLKKSLLLLFFLGTINLSLC,FLPIIGKLLSGIL
SP_Q2PGA7,Temporin-1TGb,Q2PGA7,Rana tagoi,65,MFTLKKSLLLLFFLGTINLSLC,AVDLAKIANKVLSSLF
SP_2986,Temporin-1TGc,,Rana tagoi,17,/,FLPVILPVIGKLLSGIL
SP_Q1JS91,Temporin-1V,Q1JS91,Odorrana versabilis,62,MFTLKKSLLLLFFLGTINLSLC,FLPLVGKILSGLI
SP_2726,Temporin-1Va,,Lithobates virgatipes,13,/,FLSSIGKILGNLL
SP_2626,Temporin-1Vb,,Lithobates virgatipes,13,/,FLSIIAKVLGSLF
SP_2627,Temporin-1Vc,,Lithobates virgatipes,13,/,FLPLVTMLLGKLF
SP_2678,Temporin-ALh,,Amolops loloensis,16,/,FLPIVGKLLSGLSGLS
SP_2679,Temporin-ALj,,Amolops loloensis,14,/,FFPIVGKLLFGKLL
SP_2732,Temporin-CDYb,,Rana dybowskii,12,/,ILPILSLIGGLL
SP_2642,Temporin-CPa,,Lithobates capito,13,/,IPPFIKKVLTTVF
SP_P84858,Temporin-GH,P84858,Hylarana guentheri,13,/,FLPLLFGAISHLL
SP_E1AXF1,Temporin-GN3,E1AXF1,Amolops granulosus,61,MFTLKKPLLLLFFLGTINLSLC,FLPIVGKLLSGLL
SP_E1AXF2,Temporin-GN3_1,E1AXF2,Amolops granulosus,61,MFTLKKSLLLLFFLATINLSLC,FLPIVGKLLSGLL
SP_E1AXF3,Temporin-GN3_2,E1AXF3,Amolops granulosus,61,MFTLKKSLLLLFFLGTINLSLC,FLPIVGKLLSGLL
SP_E1AZ87,Temporin-LF3,E1AZ87,Amolops lifanensis,61,MFTLKKSLLLLFFLATINLSLC,FLPIVGKLLSGLL
SP_B8QSS5,Temporin-LTa,B8QSS5,Hylarana latouchii,65,MFTLKKSLLLIFFLGTINLSLC,FFPLVLGALGSILPKIF
SP_E7EKJ4,Temporin-LTa-SN1,E7EKJ4,Hylarana spinulosa,65,MFTMKKPLLLLFFLGTINLSLC,FFPLVLGALGSILPKIF
SP_B9UYA1,Temporin-LTb,B9UYA1,Hylarana latouchii,62,MFTLKKTLLLLFFLGTINLSLC,FIITGLVRGLTKLF
SP_B9UYA2,Temporin-LTc,B9UYA2,Hylarana latouchii,65,MFTLKKPMLLLFFLGTINLSLC,SLSRFLSFLKIVYPPAF
SP_C0JLF0,Temporin-LTd,C0JLF0,Hylarana latouchii,61,MFTLKKSLLLLFFLGTINLSLC,FLPGLIAGIAKML
SP_C0JLF1,Temporin-LTf,C0JLF1,Hylarana latouchii,65,MFTMKKSLLLLFFLGTINLSLC,FLPIALKALGSIFPKIL
SP_E1B248,Temporin-MT3,E1B248,Amolops mantzorum,61,MFTLKKPLLLLFFLGTINLSLC,FLPIVGKLLSGLL
SP_2609,Temporin-PRa,,Rana pretiosa,13,/,FLPILGNLLSGLL
SP_2610,Temporin-PRb,,Rana pretiosa,13,/,FLPIITNLLGKLL
SP_2611,Temporin-PRc,,Rana pretiosa,14,/,NFLDTLINLAKKFI
SP_C0ILJ6,Temporin-RN,C0ILJ6,Hylarana nigrovittata,65,MFTMKKSLLLLFFLGTINLSLC,FLPLVLGALSGILPKIL
SP_C0ILJ7,Temporin-RN,C0ILJ7,Hylarana nigrovittata,65,MFTMKKSLLFLFFLGTINLSLC,FLPLVLGALSGILPKIL
SP_C0ILK2,Temporin-RN,C0ILK2,Hylarana nigrovittata,65,MFTMKKSLLLLFFLGAINLSLC,FFPLLFGALSSHLPKLF
SP_D4YWD1,Temporin-SHf,D4YWD1,Pelophylax saharicus,43,FLGTINLSLC,FFFLSRIF
SP_D5MTH4,Temporin-TOa,D5MTH4,Rana tagoi okiensis,61,MFTLKKSLLLLFFLGTINLSLC,FLPILGKLLSGFL
SP_D5MTH5,Temporin-TOb,D5MTH5,Rana tagoi okiensis,61,MFTLKKSLLLLFFLGTINLSLC,FLPILGKLLSGLL
SP_2969,Tiannanensin,,Odorrana tiannanensis,60,MFTMKKSMLLLLFLGTINLSLS,AILTTLANWARKFL
SP_P82651,Tigerinin-1,P82651,Hoplobatrachus tigerinus,11,/,FCTMIPIPRCY
SP_P82652,Tigerinin-2,P82652,Hoplobatrachus tigerinus,12,/,RVCFAIPLPICH
SP_P82653,Tigerinin-3,P82653,Hoplobatrachus tigerinus,12,/,RVCYAIPLPICY
SP_P82654,Tigerinin-4,P82654,Hoplobatrachus tigerinus,11,/,RVCYAIPLPIC
SP_C7ENH5,Tigerinin-RC1,C7ENH5,Fejervarya cancrivora,71,MFTLRKSLLLIFFLGMVSLSLC,RVCSAIPLPICH
SP_C7ENH6,Tigerinin-RC2,C7ENH6,Fejervarya cancrivora,71,MFTLRKSLLLIFFLGMVSLSLC,RVCMAIPLPLCH
SP_P07198,Xenopsin,P07198,Xenopus laevis,81,MYKGIFLCVLLAVICANSLA,GWASKIGQTLGKIAKVGLKELIQPK
SP_2709,XPF-AN1,,Xenopus andrei,25,/,GWASKIGQTLGKMAKVGLQELIQPK
SP_2713,XPF-B2,,Xenopus borealis,24,/,GWASKIGTQLGKMAKVGLKEFVQS
SP_2596,XPF-C1,,Xenopus clivii,25,/,GWASKIGQALGKVAKVGLQQFIQPK
SP_2704,XPF-SP1,,Xenopus tropicalis,25,/,GFWSSALEGLKKFAKGGLEALTNPK
SP_2705,XPF-SP2,,Xenopus tropicalis,25,/,GLASTIGSLLGKFAKGGAQAFLQPK
SP_2743,XTG 1,,Xenopus tropicalis,87,MYKGICLCALLAVICANSLA,GWGDTFGKVLKNFAKVAGVKAAK
SP_2742,XTG 2,,Xenopus tropicalis,83,MYKGIFLCALLAVICANSLA,GWGDTFLKTMAKIAKVGPKLLHS
